iter	RMSE
0	35405204.66
1	34896209.22
2	34363621.4
3	33839448.37
4	33336248.38
5	32840688.27
6	32370357.22
7	31904554.41
8	31460452.54
9	31023904.87
10	30591483.04
11	30188035.67
12	29767313.79
13	29353184.15
14	28952736.16
15	28572775.23
16	28191570.13
17	27817523.28
18	27454486.99
19	27105481.74
20	26757100.08
21	26418994.63
22	26091011.91
23	25761365.16
24	25450966.32
25	25131640.53
26	24817682.29
27	24516136.05
28	24217406.63
29	23926696.03
30	23644915.55
31	23370496.86
32	23095275.02
33	22843789.78
34	22588525.43
35	22342039.44
36	22103513.63
37	21860187.75
38	21627640.08
39	21401581.54
40	21173309.21
41	20947129.51
42	20728313.36
43	20517163.07
44	20308686.28
45	20108537.9
46	19912841.04
47	19722725
48	19543208.51
49	19366660.53
50	19183227.04
51	19007405.65
52	18832430.63
53	18661750.01
54	18505477.64
55	18350958.94
56	18191658.27
57	18040110.95
58	17892648.08
59	17750340.15
60	17612320.73
61	17471167.25
62	17333968.19
63	17198224.49
64	17070830.01
65	16943084
66	16815728.69
67	16690374.45
68	16572135.11
69	16456896.77
70	16343987.67
71	16233735.77
72	16129664.74
73	16025722.28
74	15920571.93
75	15822324.57
76	15723887.38
77	15625129.79
78	15527486.26
79	15428419.77
80	15337899.64
81	15248195.94
82	15151916.59
83	15065057.87
84	14975518.38
85	14890233.06
86	14803377.33
87	14721176.95
88	14643232.21
89	14571471.15
90	14500863.99
91	14422852.94
92	14349493.07
93	14277399.39
94	14206330.76
95	14134484.49
96	14069037.31
97	13999768.67
98	13935887.9
99	13881290.23
100	13819950.11
101	13760542.21
102	13699260.37
103	13642817.16
104	13586918.86
105	13530268.55
106	13478386.31
107	13422902.57
108	13369728.09
109	13312573.23
110	13262378.62
111	13208717.05
112	13164325.98
113	13118906.19
114	13072082.42
115	13027160.14
116	12975566.44
117	12932351.05
118	12888039.5
119	12841727.63
120	12802607.96
121	12765199.46
122	12727684.51
123	12686912.95
124	12643981.1
125	12606438.91
126	12566729.08
127	12526506.73
128	12487295.92
129	12449711.48
130	12411286.52
131	12373090.74
132	12341168.1
133	12305868.22
134	12270752.57
135	12237631.62
136	12206427.01
137	12174329.82
138	12142035.85
139	12110863.29
140	12082530.09
141	12049105.89
142	12022824.8
143	11998021.15
144	11967168.39
145	11936507.34
146	11909246.94
147	11887723.82
148	11862264.46
149	11837458.94
150	11814398.48
151	11785877.71
152	11766242.63
153	11743588.52
154	11719509.92
155	11696905.19
156	11676772.94
157	11653430.77
158	11628288.35
159	11603868.98
160	11581303.9
161	11552859.43
162	11530205.59
163	11504333.67
164	11485081.52
165	11463415.13
166	11441702.84
167	11420142.57
168	11398969.47
169	11379394.6
170	11362287.57
171	11344294.23
172	11324710.3
173	11308298.3
174	11290187.68
175	11270122.83
176	11247199.76
177	11228770.07
178	11206267.37
179	11191033.06
180	11170540.18
181	11151569.88
182	11130362.46
183	11113436.22
184	11091884.64
185	11071269.24
186	11054099.54
187	11032967.46
188	11011063.84
189	10993563.94
190	10974335.49
191	10956201.52
192	10936832.84
193	10918405.64
194	10900449.46
195	10880848.81
196	10867851.47
197	10855399.87
198	10838894.92
199	10820838.31
200	10804615.71
201	10793535.25
202	10780642.71
203	10761067.17
204	10746050.54
205	10728376.92
206	10708480.1
207	10693453.92
208	10674293.28
209	10660056.98
210	10641036.21
211	10616481.08
212	10596567.89
213	10577903.04
214	10563661.12
215	10552475.36
216	10539684.98
217	10518111.54
218	10495935.02
219	10471715.37
220	10447726.5
221	10432817.32
222	10415258.94
223	10395031.87
224	10374472.83
225	10363906.83
226	10356137.82
227	10342857.36
228	10323136.44
229	10303817.15
230	10287810.42
231	10269005.44
232	10246683.82
233	10234419.41
234	10215641.35
235	10204039.92
236	10184763.79
237	10167073.89
238	10163707.32
239	10148455.05
240	10133158.19
241	10119712.56
242	10100456.32
243	10087133.76
244	10076058.43
245	10061420.63
246	10047096.03
247	10039388.67
248	10028988.03
249	10010102.68
250	9997656.072
251	9974987.342
252	9952254.344
253	9938618.168
254	9917958.443
255	9902767.639
256	9882948.807
257	9863983.49
258	9844674.029
259	9832139.175
260	9813615.916
261	9795248.025
262	9776689.257
263	9756254.779
264	9738733.645
265	9725335.722
266	9705939.891
267	9689986.585
268	9688140.806
269	9675262.9
270	9657612.125
271	9643600.222
272	9631547.9
273	9618722.169
274	9608978.023
275	9592027.901
276	9578685.975
277	9561394.932
278	9545632.371
279	9544274.852
280	9534619.417
281	9519727.551
282	9509426.619
283	9501910.363
284	9494397.414
285	9483063.14
286	9473311.271
287	9455882.139
288	9454504.877
289	9441001.296
290	9426026.733
291	9424711.504
292	9423301.625
293	9412272.683
294	9398856.847
295	9397481.978
296	9388473.971
297	9375653.38
298	9367998.264
299	9359101.647
300	9342962.373
301	9333589.946
302	9325114.41
303	9321956.89
304	9312042.087
305	9302353.533
306	9301301.409
307	9280796.033
308	9266286.326
309	9247812.27
310	9234875.528
311	9222829.899
312	9207524.249
313	9189972.987
314	9175383.2
315	9160230.364
316	9146167.646
317	9134817.815
318	9120761.937
319	9107474.224
320	9089127.812
321	9075540.47
322	9060587.676
323	9044297.398
324	9026531.943
325	9008354.944
326	8994004.351
327	8985946.12
328	8971632.697
329	8960238.539
330	8948245.428
331	8933837.864
332	8916046.406
333	8905891.779
334	8893194.338
335	8881271.784
336	8865316.159
337	8855210.969
338	8842002.591
339	8830509.774
340	8818204.752
341	8811445.801
342	8798941.699
343	8786601.417
344	8777602.486
345	8766555.545
346	8756615.142
347	8744244.974
348	8733035.006
349	8721758.439
350	8717405.275
351	8705354.24
352	8692684.3
353	8683690.724
354	8680697.56
355	8670634.068
356	8663422.112
357	8653212.87
358	8643893.185
359	8634893.389
360	8624579.819
361	8612984.012
362	8606025.875
363	8598689.125
364	8589430.965
365	8583400.23
366	8582678.306
367	8581983.238
368	8572577.569
369	8565735.177
370	8557764.212
371	8549333.415
372	8544083.184
373	8537662.741
374	8528408.978
375	8519698.306
376	8515325.344
377	8508269.796
378	8498570.664
379	8498130.377
380	8491201.698
381	8487342.671
382	8481180.816
383	8477399.465
384	8469951.947
385	8465864.046
386	8455107.432
387	8453477.444
388	8450014.467
389	8446791.15
390	8438385.13
391	8428265.373
392	8423631.235
393	8420469.992
394	8411019.915
395	8409865.834
396	8409500.661
397	8403743.703
398	8400865.677
399	8396686.956
400	8390857.503
401	8384257.92
402	8377207.603
403	8376623.749
404	8370015.593
405	8365495.511
406	8358110.678
407	8351942.664
408	8344561.641
409	8335389.319
410	8330190.408
411	8321786.068
412	8321062.894
413	8316796.72
414	8308886.072
415	8308395.901
416	8301751.289
417	8296619.035
418	8295255.177
419	8289946.148
420	8282349.687
421	8278866.773
422	8272959.052
423	8266444.84
424	8261178.739
425	8258828.853
426	8251733.462
427	8248562.006
428	8246124.517
429	8242581.75
430	8242187.642
431	8231974.533
432	8227518.969
433	8223163.604
434	8218717.816
435	8213107.762
436	8208152.054
437	8207801.736
438	8207404.8
439	8203148.373
440	8198399.866
441	8198145.66
442	8197799.546
443	8195569.848
444	8195265.328
445	8191195.021
446	8184651.118
447	8184328.591
448	8180884.309
449	8172956.822
450	8168089.476
451	8164853.484
452	8159704.443
453	8150765.824
454	8150410.928
455	8149055.26
456	8148167.917
457	8137190.847
458	8136924.117
459	8136666.98
460	8132250.315
461	8131950.232
462	8123156.967
463	8117770.558
464	8111880.882
465	8103470.628
466	8093790.82
467	8087350.064
468	8082057.24
469	8076032.914
470	8068753.105
471	8068302.322
472	8060909.138
473	8058731.656
474	8054057.336
475	8049158.12
476	8043481.265
477	8040885.548
478	8038426.552
479	8033560.598
480	8026678.978
481	8023945.537
482	8020228.231
483	8017986.376
484	8014681.745
485	8010533.804
486	8007700.822
487	8006004.816
488	8005757.215
489	7999956.478
490	7995063.975
491	7991656.469
492	7982857.64
493	7978440.402
494	7972619.34
495	7965071.623
496	7964808.818
497	7964606.978
498	7961737.6
499	7961618.078
500	7956249.893
501	7952687.482
502	7949459.221
503	7944125.412
504	7938725.206
505	7934222.208
506	7928954.411
507	7928731.886
508	7926545.825
509	7926181.506
510	7921477.783
511	7918579.441
512	7918481.756
513	7913896.243
514	7906604.132
515	7903085.846
516	7895272.254
517	7891576.915
518	7890080.115
519	7889880.98
520	7885341.813
521	7883120.442
522	7878195.149
523	7876667.476
524	7871772.283
525	7866938.131
526	7864805.148
527	7859737.479
528	7855046.602
529	7854915.532
530	7849751.918
531	7847863.607
532	7845641.518
533	7835180.025
534	7830801.692
535	7830650.661
536	7830474.216
537	7826567.976
538	7819167.163
539	7819067.259
540	7815611.668
541	7815448.126
542	7811778.907
543	7802680.973
544	7795364.018
545	7791137.656
546	7785416.986
547	7782188.369
548	7780986.242
549	7780882.95
550	7773787.257
551	7773672.155
552	7768320.667
553	7762180.771
554	7758595.851
555	7748662.814
556	7748542.767
557	7743120.855
558	7735810.715
559	7726110.002
560	7725977.998
561	7720256.711
562	7720121.34
563	7712407.719
564	7702783.385
565	7702480.465
566	7694743.162
567	7694587.881
568	7691246.664
569	7691099.906
570	7683360.268
571	7679153.447
572	7675206.41
573	7675072.727
574	7666376.344
575	7666295.774
576	7660923.24
577	7660799.808
578	7660595.455
579	7649893.813
580	7644166.367
581	7636957.376
582	7636836.477
583	7628811.747
584	7625429.028
585	7620969.063
586	7618342.477
587	7618228.102
588	7617368.408
589	7611841.259
590	7611747.631
591	7607127.843
592	7605070.327
593	7603936.66
594	7598998
595	7598870.93
596	7598343.551
597	7591888.526
598	7589290.126
599	7587746.493
600	7587608.819
601	7580334.146
602	7580230.928
603	7570836.482
604	7567176.59
605	7567061.867
606	7565485.051
607	7563557.035
608	7553235.992
609	7549543.938
610	7549498.089
611	7542985.03
612	7542737.33
613	7542645.219
614	7536097.262
615	7530018.97
616	7527067.297
617	7524237.803
618	7524161.997
619	7514699.068
620	7512938.43
621	7508839.026
622	7505450.547
623	7503897.197
624	7498211.957
625	7494143.28
626	7494053.377
627	7492873.196
628	7491838.876
629	7489319.335
630	7489215.792
631	7487259.786
632	7482617.847
633	7472774.245
634	7472355.138
635	7464785.778
636	7463572.328
637	7463479.87
638	7457708.285
639	7456565.043
640	7456497.175
641	7450301.224
642	7450216.541
643	7443961.677
644	7437406.334
645	7431181.715
646	7424412.492
647	7417846.453
648	7412605.452
649	7410884.42
650	7403532.719
651	7397297.019
652	7397191.023
653	7393987.642
654	7392062.603
655	7390200.173
656	7385136.179
657	7378310.381
658	7377454.719
659	7370389.683
660	7368765.465
661	7363709.884
662	7360657.475
663	7353848.093
664	7351012.419
665	7350923.85
666	7348704.152
667	7346428.658
668	7341432.234
669	7330566.902
670	7325823.985
671	7325767.055
672	7325186.81
673	7324821.72
674	7324068.219
675	7322442.218
676	7320661.166
677	7314134.777
678	7310026.022
679	7304898.515
680	7303490.287
681	7302314.422
682	7295565.419
683	7288950.43
684	7286066.242
685	7281160.71
686	7274827.783
687	7269545.934
688	7260465.343
689	7253998.064
690	7252320.522
691	7250091.35
692	7243668.428
693	7242257.278
694	7236728.065
695	7235108.592
696	7228186.671
697	7227072.809
698	7219781.484
699	7211433.303
700	7205153.186
701	7203752.587
702	7201671.423
703	7195654.971
704	7189577.336
705	7188504.413
706	7186307.272
707	7185633.727
708	7180329.022
709	7176374.908
710	7171019.802
711	7164747.731
712	7163429.95
713	7160691.228
714	7157505.59
715	7149150.116
716	7148505.206
717	7147653.922
718	7142448.533
719	7141065.519
720	7134337.022
721	7134268.864
722	7131512.648
723	7124267.576
724	7121836.457
725	7120783.058
726	7116054.465
727	7109928.055
728	7109408.687
729	7103639.777
730	7103575.297
731	7096988.04
732	7095808.291
733	7092960.236
734	7086813.868
735	7077614.063
736	7077502.653
737	7075530.856
738	7072223.863
739	7071060.636
740	7070103.694
741	7063561.862
742	7063459.523
743	7058510.023
744	7056137.312
745	7050095.837
746	7047330.568
747	7045289.441
748	7045232.009
749	7042189.798
750	7041255.738
751	7033494.579
752	7032580.773
753	7027710.15
754	7025067.573
755	7016714.321
756	7012620.439
757	7011735.725
758	7003427.008
759	6999051.615
760	6998673.907
761	6997218.515
762	6992372.421
763	6990025.512
764	6986044.197
765	6982475.741
766	6982439.677
767	6979791.147
768	6975234.741
769	6971287.986
770	6970732.299
771	6969855.044
772	6967603.791
773	6962949.963
774	6957008.843
775	6953393.88
776	6948783.24
777	6947208.729
778	6941385.189
779	6937755.742
780	6935378.448
781	6929842.056
782	6924950.191
783	6917277.675
784	6912854.025
785	6908537.425
786	6903928.409
787	6902614.541
788	6900925.244
789	6898954.521
790	6896226.942
791	6891778.181
792	6891696.844
793	6891649.031
794	6888805.307
795	6886760.062
796	6884989.001
797	6884462.375
798	6883973.084
799	6881914.951
800	6879141.295
801	6876090.057
802	6872076.93
803	6871738.778
804	6871520.999
805	6871307.232
806	6868812.884
807	6864122.17
808	6862141.079
809	6859351.809
810	6859104.936
811	6853994.005
812	6848770.702
813	6845676.866
814	6842224.034
815	6836887.625
816	6834860.547
817	6834718.463
818	6832681.547
819	6828504.209
820	6824397.393
821	6821702.865
822	6819479.58
823	6812172.933
824	6807307.592
825	6802294.476
826	6800466.114
827	6798269.281
828	6793126.588
829	6787271.161
830	6782919.718
831	6782724.026
832	6777456.798
833	6775425.595
834	6773423.162
835	6771074.95
836	6765945.488
837	6764086.532
838	6756607.797
839	6747421.955
840	6742255.033
841	6740309.94
842	6737767.958
843	6732339.551
844	6728351.989
845	6725997.334
846	6722716.988
847	6716510.088
848	6711757.324
849	6705703.674
850	6701500.433
851	6699015.945
852	6692558.332
853	6690288.127
854	6686183.369
855	6684288.571
856	6681748.273
857	6674444.187
858	6671128.819
859	6669059.04
860	6664050.51
861	6658292.648
862	6656795.563
863	6655104.36
864	6650647.419
865	6644561.195
866	6638175.45
867	6638122.453
868	6633192.519
869	6630342.816
870	6630222.147
871	6624242.411
872	6620431.594
873	6615858.829
874	6613609.6
875	6605292.887
876	6604374.156
877	6602541.765
878	6598976.518
879	6598858.229
880	6595129.258
881	6593127.701
882	6588853.372
883	6584902.831
884	6579043.094
885	6574822.632
886	6573384.16
887	6568123.289
888	6563190.552
889	6561274.701
890	6557455.958
891	6557335.897
892	6553721.893
893	6548541.97
894	6544657.84
895	6542591.829
896	6538809.534
897	6536484.568
898	6532635.062
899	6528848.199
900	6525122.756
901	6523718.448
902	6523453.897
903	6521583.237
904	6516733.792
905	6513959.931
906	6512878.561
907	6511226.021
908	6509013.824
909	6505613.319
910	6501393.283
911	6496255.264
912	6494858.751
913	6492558.456
914	6491585.134
915	6489773.265
916	6487351.641
917	6484683.743
918	6482075.748
919	6481955.09
920	6478924.226
921	6471075.336
922	6468713.977
923	6468661.993
924	6465466.706
925	6465276.75
926	6462356.926
927	6458200.33
928	6457079.971
929	6456966.26
930	6456145.041
931	6456029.753
932	6454456.551
933	6453071.604
934	6447647.708
935	6441739.307
936	6440234.594
937	6438454.528
938	6430833.405
939	6428001.457
940	6427889.86
941	6424938.359
942	6422376.969
943	6414907.227
944	6407479.538
945	6407362.234
946	6400110.994
947	6395456.276
948	6395348.685
949	6392664.024
950	6385946.744
951	6383107.484
952	6382932.533
953	6380647.449
954	6380534.653
955	6377022.383
956	6372855.154
957	6365845.932
958	6365679.341
959	6361912.472
960	6354880.442
961	6353331.4
962	6346662.916
963	6343576.466
964	6342151.576
965	6342062.697
966	6340218.875
967	6340131.428
968	6333313.761
969	6333150.63
970	6326471.492
971	6326311.716
972	6320227.095
973	6313688.535
974	6310585.727
975	6305261.776
976	6302358.246
977	6302202.727
978	6302050.276
979	6299784.418
980	6295808.339
981	6293118.516
982	6293036.821
983	6292956.542
984	6287003.556
985	6280695.8
986	6276980.156
987	6273823.371
988	6267485.378
989	6267339.119
990	6262313.769
991	6262168.853
992	6255994.392
993	6250958.184
994	6248039.001
995	6245811.872
996	6243217.879
997	6240730.925
998	6238532.741
999	6238393.613
1000	6236002.307
1001	6230326.072
1002	6229723.992
1003	6225727.381
1004	6225591.708
1005	6218234.17
1006	6215346.366
1007	6214033.884
1008	6213241.931
1009	6212606.281
1010	6207809.129
1011	6206722.139
1012	6206076.885
1013	6203890.769
1014	6200586.665
1015	6200020.398
1016	6196808.907
1017	6194567.113
1018	6193067.406
1019	6189938.363
1020	6184044.69
1021	6178503.798
1022	6176444.122
1023	6176364.24
1024	6173694.846
1025	6171472.454
1026	6169017.084
1027	6166566.963
1028	6165310.99
1029	6160532.141
1030	6158365.553
1031	6156722.959
1032	6152780.225
1033	6150124.092
1034	6149382.926
1035	6148832.471
1036	6145388.349
1037	6142655.316
1038	6136263.331
1039	6134161.063
1040	6134145.305
1041	6129815.544
1042	6126909.268
1043	6125037.284
1044	6122991.878
1045	6121657.908
1046	6119622.399
1047	6118847.673
1048	6114471.155
1049	6112657.519
1050	6112085.596
1051	6107423.191
1052	6106634.205
1053	6103566.142
1054	6099873.131
1055	6098713.132
1056	6096642.533
1057	6094617.674
1058	6094499.713
1059	6090433.274
1060	6088453.324
1061	6084865.253
1062	6083058.832
1063	6079094.223
1064	6076900.508
1065	6075800.279
1066	6073923.229
1067	6072264.763
1068	6069501.158
1069	6068017.876
1070	6067279.713
1071	6063724.821
1072	6060266.284
1073	6058661.948
1074	6054357.296
1075	6053055.626
1076	6048145.963
1077	6044743.562
1078	6042429.898
1079	6040587.798
1080	6040511.672
1081	6039504.056
1082	6038381.764
1083	6036782.036
1084	6036702.08
1085	6035150.822
1086	6030946.415
1087	6027998.507
1088	6024324.001
1089	6022651.691
1090	6021119.593
1091	6019464.241
1092	6018420.202
1093	6016708.125
1094	6014547.43
1095	6013486.891
1096	6013418.914
1097	6013346.115
1098	6013086.941
1099	6009310.531
1100	6007021.861
1101	6004843.365
1102	6003337.785
1103	6003267.37
1104	6001927.792
1105	6000351.094
1106	6000278.384
1107	5997624.652
1108	5995697.549
1109	5992411.781
1110	5990462.917
1111	5986637.659
1112	5982749.617
1113	5982686.87
1114	5982624.926
1115	5978629.373
1116	5976320.498
1117	5974768.26
1118	5973398.57
1119	5971150.457
1120	5969673.714
1121	5965639.472
1122	5963616.889
1123	5960401.707
1124	5958586.438
1125	5956607.149
1126	5955005.886
1127	5951731.188
1128	5949649.78
1129	5946876.99
1130	5944855.341
1131	5942335.817
1132	5939253.952
1133	5936468.979
1134	5934532.377
1135	5932774.881
1136	5931031.235
1137	5929069.507
1138	5929004.151
1139	5928939.624
1140	5926822.125
1141	5925093.688
1142	5922082.781
1143	5920393.403
1144	5918671.976
1145	5916796.857
1146	5915919.48
1147	5912684.105
1148	5910651.422
1149	5907380.087
1150	5904047.059
1151	5901458.994
1152	5897045.247
1153	5895549.408
1154	5894617.39
1155	5893290.238
1156	5892147.864
1157	5887734.456
1158	5885835.994
1159	5883654.718
1160	5881266.188
1161	5877843.044
1162	5875649.361
1163	5873334.369
1164	5871068.378
1165	5868861.14
1166	5867117.033
1167	5865037.195
1168	5861877.164
1169	5859049.258
1170	5856901.726
1171	5854130.028
1172	5853033.609
1173	5850971.23
1174	5847956.338
1175	5844749.916
1176	5843542.138
1177	5840507.658
1178	5837872.637
1179	5836334.739
1180	5833200.015
1181	5830857.54
1182	5829472.283
1183	5827541.575
1184	5826304.629
1185	5824336.733
1186	5821367.958
1187	5819220.268
1188	5818207.764
1189	5818146.814
1190	5817095.15
1191	5815959.187
1192	5814726.02
1193	5812707.494
1194	5809533.779
1195	5808569.567
1196	5804835.462
1197	5802470.887
1198	5800020.287
1199	5797064.801
1200	5796776.653
1201	5794381.865
1202	5790864.878
1203	5787242.45
1204	5784129.653
1205	5782272.352
1206	5781311.343
1207	5778191.966
1208	5776263.073
1209	5773213.06
1210	5772136.463
1211	5771223.214
1212	5769986.951
1213	5769930.192
1214	5768385.689
1215	5767194.916
1216	5763668.687
1217	5761171.055
1218	5758824.374
1219	5757577.307
1220	5754480.037
1221	5750823.563
1222	5747027.939
1223	5743754.712
1224	5740345.007
1225	5737391.726
1226	5736293.385
1227	5735407.092
1228	5733810.845
1229	5730784.832
1230	5729743.563
1231	5728039.713
1232	5725148.916
1233	5723564.805
1234	5721769.46
1235	5720712.195
1236	5718407.828
1237	5715934.383
1238	5712779.588
1239	5711756.843
1240	5709754.314
1241	5708623.323
1242	5707022.409
1243	5706077.193
1244	5702008.518
1245	5699459.482
1246	5698364.067
1247	5696484.668
1248	5695364.865
1249	5693113.124
1250	5692031.797
1251	5689088.96
1252	5687247.012
1253	5683460.426
1254	5680404.577
1255	5679100.044
1256	5677440.112
1257	5675213.837
1258	5673109.789
1259	5671332.645
1260	5668238.427
1261	5665439.285
1262	5665239.623
1263	5663368.633
1264	5662479.218
1265	5661290.432
1266	5659376.193
1267	5657499.997
1268	5656468.324
1269	5653540.804
1270	5650028.772
1271	5645981.265
1272	5644952.535
1273	5640991.269
1274	5637380.806
1275	5636220.406
1276	5635099.066
1277	5631590.053
1278	5630677.347
1279	5627998.741
1280	5624905.531
1281	5624862.053
1282	5624350.884
1283	5623211.757
1284	5621252.723
1285	5619329.296
1286	5616582.023
1287	5613531.579
1288	5611996.785
1289	5609115.228
1290	5607976.206
1291	5605854.259
1292	5603155.167
1293	5601586.294
1294	5599424.533
1295	5598321.683
1296	5596815.522
1297	5594895.431
1298	5590482.931
1299	5586954.415
1300	5583545.533
1301	5579766.699
1302	5578866.978
1303	5578013.636
1304	5576015.268
1305	5573892.346
1306	5570445.794
1307	5567804.515
1308	5567012.367
1309	5564410.769
1310	5563310.836
1311	5559763.196
1312	5557712.773
1313	5556613.355
1314	5552765.889
1315	5550601.565
1316	5547137.262
1317	5544648.993
1318	5543426.15
1319	5540902.311
1320	5538126.357
1321	5535648.603
1322	5533143.258
1323	5530821.288
1324	5527901.982
1325	5526640.48
1326	5523572.327
1327	5521166.337
1328	5519182.506
1329	5515640.668
1330	5513138.86
1331	5511630.043
1332	5508611.916
1333	5505301.942
1334	5501372.732
1335	5499135.36
1336	5494523.181
1337	5492850.41
1338	5490999.21
1339	5490174.197
1340	5487877.944
1341	5485553.295
1342	5484190.234
1343	5482613.835
1344	5480560.824
1345	5478765.726
1346	5476122.973
1347	5470965.676
1348	5467913.939
1349	5465641.544
1350	5461842.331
1351	5459573.306
1352	5456734.872
1353	5454610.637
1354	5452457.664
1355	5449556.207
1356	5448560.216
1357	5446389.099
1358	5444563.186
1359	5443615.829
1360	5441461.238
1361	5439708.558
1362	5438020.167
1363	5436544.452
1364	5434589.052
1365	5433075.372
1366	5430236.546
1367	5426232.456
1368	5422534.988
1369	5419972.055
1370	5417063.266
1371	5415346.54
1372	5413195.884
1373	5410665.613
1374	5408439.852
1375	5405283.737
1376	5402495.371
1377	5400827.741
1378	5396677.572
1379	5393947.986
1380	5390990.482
1381	5388960.603
1382	5386391.051
1383	5384255.963
1384	5382683.044
1385	5380650.153
1386	5377045.296
1387	5375367.813
1388	5373203.734
1389	5372801.004
1390	5369370.351
1391	5366287.102
1392	5362192.59
1393	5359103.441
1394	5357155.516
1395	5353703.503
1396	5350412.769
1397	5349394.866
1398	5347235.51
1399	5346271.82
1400	5342972.334
1401	5340345.256
1402	5335507.266
1403	5333816.759
1404	5331566.427
1405	5329985.951
1406	5329198.307
1407	5327783.295
1408	5324800.915
1409	5323137.203
1410	5321733.501
1411	5320218.17
1412	5317418.576
1413	5314597.593
1414	5313561.521
1415	5310296.349
1416	5307304.024
1417	5305021.835
1418	5303294.105
1419	5300360.948
1420	5299107.553
1421	5297168.156
1422	5294194.721
1423	5292686.13
1424	5289846.131
1425	5288528.965
1426	5287009.315
1427	5284440.001
1428	5281393.975
1429	5280651.323
1430	5277697.016
1431	5274079.106
1432	5272535.471
1433	5270148.346
1434	5268223.224
1435	5266569.623
1436	5265801.726
1437	5263534.677
1438	5260808.368
1439	5258910.179
1440	5257159.51
1441	5254415.53
1442	5253819.745
1443	5250343.566
1444	5247938.244
1445	5246052.086
1446	5244628.089
1447	5242516.102
1448	5238779.963
1449	5235582.104
1450	5232379.187
1451	5229720.829
1452	5228514.956
1453	5226070.233
1454	5224700.33
1455	5221898.811
1456	5219090.544
1457	5218182.856
1458	5216149.039
1459	5214768.561
1460	5211545.298
1461	5209801.888
1462	5208286.971
1463	5206203.127
1464	5205425.216
1465	5202024.145
1466	5200660.459
1467	5199852.331
1468	5196689.628
1469	5196020.931
1470	5193331.446
1471	5191374.06
1472	5188768.648
1473	5187280.854
1474	5185174.214
1475	5184080.752
1476	5182246.831
1477	5180215.386
1478	5176944.119
1479	5173933.834
1480	5170778.67
1481	5167684.65
1482	5166482.022
1483	5165428.219
1484	5163567.136
1485	5160988.08
1486	5159045.66
1487	5156714.206
1488	5155012.078
1489	5153904.313
1490	5152399.472
1491	5150376.303
1492	5149515.481
1493	5147607.288
1494	5146140.285
1495	5143183.556
1496	5140673.845
1497	5138988.803
1498	5137448.209
1499	5136599.374
1500	5133805.511
1501	5132797.343
1502	5131853.4
1503	5129768.077
1504	5128394.393
1505	5127706.842
1506	5125417.113
1507	5123532.216
1508	5122048.189
1509	5119794.132
1510	5118037.309
1511	5115243.316
1512	5114409.255
1513	5112068.393
1514	5109006.648
1515	5107125.281
1516	5106300.72
1517	5104242.127
1518	5103036.117
1519	5101744.2
1520	5101016.348
1521	5098882.482
1522	5096173.008
1523	5094689.529
1524	5094044.839
1525	5091953.22
1526	5091273.634
1527	5089506.817
1528	5087257.034
1529	5087116.819
1530	5086616.685
1531	5085790.843
1532	5083235.752
1533	5082287.83
1534	5081888.88
1535	5079261.695
1536	5077017.486
1537	5074738.613
1538	5073932.89
1539	5072142.371
1540	5069214.57
1541	5067428.633
1542	5065212.919
1543	5063021.66
1544	5060592.042
1545	5059590.599
1546	5058302.197
1547	5057359.276
1548	5056950.582
1549	5054971.151
1550	5053865.063
1551	5052493.44
1552	5051663.893
1553	5050550.485
1554	5047690.819
1555	5044882.697
1556	5043721.198
1557	5042327.199
1558	5040933.426
1559	5039332.108
1560	5038423.636
1561	5036508.587
1562	5034712.661
1563	5032022.406
1564	5030286.083
1565	5029148.682
1566	5026634.683
1567	5025655.517
1568	5023851.459
1569	5021876.727
1570	5019949.765
1571	5018576.543
1572	5018270.302
1573	5017262.498
1574	5015685.321
1575	5013303.397
1576	5010382.802
1577	5009420.188
1578	5007394.041
1579	5004465.258
1580	5003076.805
1581	5001390.636
1582	4999678.892
1583	4996871.522
1584	4994957.94
1585	4993817.09
1586	4991003.609
1587	4989459.627
1588	4988302.659
1589	4985179.957
1590	4983383.128
1591	4981748.347
1592	4979184.663
1593	4977136.028
1594	4975483.609
1595	4973187.209
1596	4971059.359
1597	4968355.823
1598	4965616.461
1599	4963319.913
1600	4961707.472
1601	4960017.777
1602	4957343.846
1603	4954717.169
1604	4952996.141
1605	4950431.36
1606	4949355.843
1607	4948317.373
1608	4946403.316
1609	4943820.628
1610	4941009.926
1611	4938028.369
1612	4936713.1
1613	4935053.125
1614	4934056.476
1615	4931916.658
1616	4930730.945
1617	4929789.896
1618	4928441.343
1619	4926405.068
1620	4923793.546
1621	4921588.692
1622	4919595.375
1623	4917653.765
1624	4915894.27
1625	4915055.725
1626	4913494.153
1627	4912662.903
1628	4910231.892
1629	4908683.368
1630	4907113.036
1631	4904508.034
1632	4903271.037
1633	4902514.645
1634	4900717.874
1635	4898886.783
1636	4896952.974
1637	4895396.871
1638	4893431.073
1639	4890562.698
1640	4888007.818
1641	4886281.221
1642	4884988.8
1643	4882800.951
1644	4882009.168
1645	4880171.566
1646	4878205.968
1647	4877386.693
1648	4875766.926
1649	4874741.607
1650	4873339.331
1651	4872140.89
1652	4870127.757
1653	4868409.035
1654	4866695.961
1655	4864993.129
1656	4863822.352
1657	4862086.965
1658	4860564.015
1659	4859341.679
1660	4857818.186
1661	4856451.293
1662	4855490.048
1663	4853262.815
1664	4851788.786
1665	4850044.292
1666	4848811.774
1667	4847997.94
1668	4847360.431
1669	4846131.728
1670	4843658.886
1671	4842197.668
1672	4839930.771
1673	4837380.641
1674	4836357.266
1675	4834747.708
1676	4830891.064
1677	4829385.943
1678	4828526.531
1679	4827075.995
1680	4826051.127
1681	4824568.295
1682	4822066.607
1683	4820845.412
1684	4818980.676
1685	4817854.231
1686	4816229.91
1687	4815132.29
1688	4812975.877
1689	4811740.569
1690	4810325.506
1691	4809069.276
1692	4806692.145
1693	4804320.092
1694	4802022.256
1695	4801148.577
1696	4800007.298
1697	4799092.965
1698	4797677.689
1699	4796215.911
1700	4794870.329
1701	4793354.055
1702	4791886.474
1703	4789867.864
1704	4786525.367
1705	4785973.784
1706	4783210.617
1707	4782125.069
1708	4780268.806
1709	4777664.091
1710	4776760.688
1711	4775033.843
1712	4774130.887
1713	4771986.638
1714	4770962.644
1715	4768032.397
1716	4766674.605
1717	4764442.439
1718	4762253.397
1719	4761376.592
1720	4759948.639
1721	4758087.855
1722	4755822.445
1723	4753612.994
1724	4752486.914
1725	4750907.906
1726	4748814.223
1727	4746738.71
1728	4744316.434
1729	4743240.853
1730	4742253.005
1731	4740357.045
1732	4737711.533
1733	4736282.758
1734	4733735.581
1735	4732951.115
1736	4730893.519
1737	4729371.591
1738	4727458.394
1739	4726343.722
1740	4724319.074
1741	4722461.676
1742	4721373.262
1743	4720448.703
1744	4719005.735
1745	4715994.659
1746	4714221.693
1747	4712871.375
1748	4711424.648
1749	4710464.689
1750	4708941.763
1751	4707484.58
1752	4705611.035
1753	4704722.88
1754	4702907.291
1755	4701529.733
1756	4697642.769
1757	4695252.321
1758	4693362.291
1759	4691754.701
1760	4690287.912
1761	4688982.612
1762	4686934.843
1763	4685881.41
1764	4683987.85
1765	4680462.92
1766	4678870.605
1767	4677637.401
1768	4675848.831
1769	4673399.495
1770	4672819.47
1771	4672219.167
1772	4670280.083
1773	4668894.476
1774	4667652.98
1775	4666319.547
1776	4665851.651
1777	4664754.81
1778	4662912.597
1779	4661364.668
1780	4659177.885
1781	4657242.353
1782	4655875.741
1783	4654689.141
1784	4653146.007
1785	4651657.191
1786	4649761.624
1787	4647522.052
1788	4646569.983
1789	4643593.307
1790	4642697.914
1791	4641365.894
1792	4640530.376
1793	4638970.236
1794	4637484.036
1795	4636446.805
1796	4634531.045
1797	4633807.047
1798	4631862.412
1799	4629930.091
1800	4627881.594
1801	4626707.033
1802	4625393.713
1803	4623696.22
1804	4622575.287
1805	4620593.322
1806	4618960.89
1807	4617734.397
1808	4616320.029
1809	4614890.564
1810	4613558.547
1811	4611507.301
1812	4610080.637
1813	4608518.887
1814	4606665.307
1815	4605337.541
1816	4603907.839
1817	4602876.245
1818	4602046.726
1819	4600800.878
1820	4598886.381
1821	4597389.165
1822	4596138.812
1823	4594131.032
1824	4592077.089
1825	4590711.336
1826	4589428.343
1827	4587809.958
1828	4587429.106
1829	4585918.913
1830	4584451.513
1831	4582534.248
1832	4580562.008
1833	4579199.193
1834	4577241.397
1835	4575423.769
1836	4572339.918
1837	4571239.942
1838	4569962.654
1839	4569446.521
1840	4568293.45
1841	4567344.544
1842	4566451.444
1843	4564196.836
1844	4562915.601
1845	4561411.366
1846	4558078.996
1847	4556655.753
1848	4555584.137
1849	4554091.398
1850	4553139.811
1851	4551757.503
1852	4548516.04
1853	4545348.44
1854	4544651.181
1855	4541556.546
1856	4540360.562
1857	4538904.93
1858	4537666.662
1859	4536691.908
1860	4535461.552
1861	4534232.956
1862	4531217.729
1863	4530131.854
1864	4528739.94
1865	4527243.473
1866	4526353.613
1867	4524799.248
1868	4523631.851
1869	4522443.294
1870	4521109.15
1871	4520474.311
1872	4517538.361
1873	4515763.54
1874	4514124.169
1875	4511147.552
1876	4509873.802
1877	4508665.689
1878	4507010.494
1879	4505828.56
1880	4504624.331
1881	4503739.11
1882	4501108.594
1883	4500269.442
1884	4498630.859
1885	4496476.306
1886	4496385.018
1887	4494872.976
1888	4493941.254
1889	4492803.425
1890	4492244.706
1891	4489393.841
1892	4487199.258
1893	4485591.771
1894	4484555.742
1895	4482959.052
1896	4482290.063
1897	4480642.336
1898	4480629.097
1899	4478600.038
1900	4477225.081
1901	4475679.788
1902	4475160.083
1903	4474253.146
1904	4472686.222
1905	4472136.39
1906	4470831.983
1907	4469655.682
1908	4468476.247
1909	4466897.725
1910	4464845.934
1911	4464823.785
1912	4463662.215
1913	4462617.446
1914	4461560.927
1915	4459939.651
1916	4459912.774
1917	4458795.369
1918	4457484.136
1919	4456366.668
1920	4455903.069
1921	4453423.533
1922	4452316.211
1923	4449833.436
1924	4448558.998
1925	4448558.544
1926	4447071.305
1927	4446195.385
1928	4445542.701
1929	4445380.434
1930	4444342.258
1931	4443761.247
1932	4443181.104
1933	4442239.05
1934	4441088.319
1935	4439656.604
1936	4436080.437
1937	4435810.515
1938	4435288.909
1939	4434034.99
1940	4432766.492
1941	4431683.306
1942	4430830.761
1943	4430301.498
1944	4427194.302
1945	4427140.785
1946	4425709.055
1947	4425194.417
1948	4424680.953
1949	4422290.656
1950	4422278.872
1951	4420603.848
1952	4420428.01
1953	4419538.151
1954	4418522.72
1955	4417645.566
1956	4415876.956
1957	4413675.537
1958	4413457.567
1959	4411121.266
1960	4409451.68
1961	4408495.811
1962	4408047.446
1963	4407772.21
1964	4407443.036
1965	4406875.32
1966	4405293.481
1967	4404326.876
1968	4403872.293
1969	4402631.943
1970	4402134.779
1971	4400911.88
1972	4399882.319
1973	4399855.201
1974	4398367.381
1975	4398336.349
1976	4397585.765
1977	4396356.95
1978	4395119.724
1979	4394572.611
1980	4394332.16
1981	4394023.212
1982	4394022.668
1983	4393623.102
1984	4393123.896
1985	4391767.425
1986	4390783.61
1987	4389321.052
1988	4388955.649
1989	4387655.614
1990	4386854.094
1991	4385535.06
1992	4383769.267
1993	4382558.179
1994	4381926.412
1995	4381551.414
1996	4380649.955
1997	4379445.164
1998	4377466.011
1999	4376010.822
2000	4375970.217
2001	4375318.414
2002	4374358.625
2003	4373329.917
2004	4372264.47
2005	4372034.825
2006	4370562.996
2007	4369613.685
2008	4368567.089
2009	4366931.829
2010	4366082.88
2011	4365143.246
2012	4364898.13
2013	4364334.486
2014	4363626.996
2015	4363070.519
2016	4362355.66
2017	4360471.689
2018	4359227.262
2019	4359036.29
2020	4356908.528
2021	4355752.336
2022	4354420.754
2023	4353234.24
2024	4351038.826
2025	4349486.246
2026	4348716.769
2027	4348714.214
2028	4348541.225
2029	4348250.736
2030	4347594.598
2031	4347222.857
2032	4346987.616
2033	4346881.095
2034	4346018.061
2035	4345046.015
2036	4343745.895
2037	4343544.707
2038	4342699.304
2039	4342684.839
2040	4342489.173
2041	4342386.168
2042	4341665.903
2043	4340837.515
2044	4338145.561
2045	4338145.039
2046	4336994.252
2047	4336853.054
2048	4335419.642
2049	4334028.227
2050	4332839.022
2051	4331769.094
2052	4331719.066
2053	4331621.632
2054	4329877.003
2055	4328799.2
2056	4327758.112
2057	4327642.788
2058	4326522.747
2059	4325018.135
2060	4323825.537
2061	4322637.341
2062	4321338.179
2063	4320987.757
2064	4319237.475
2065	4318473.881
2066	4318293.816
2067	4317091.388
2068	4316171.744
2069	4315984.976
2070	4314628.383
2071	4313589.258
2072	4313498.051
2073	4313454.328
2074	4313157.177
2075	4311465.796
2076	4310865.89
2077	4309320.441
2078	4307876.454
2079	4307704.727
2080	4306606.2
2081	4305928.259
2082	4305053.333
2083	4304320.667
2084	4302984.277
2085	4302644.263
2086	4301534.284
2087	4299737.338
2088	4298338.259
2089	4296836.043
2090	4296123.648
2091	4295558.751
2092	4294118.728
2093	4292286.489
2094	4291195.271
2095	4290440.749
2096	4288970.552
2097	4287492.871
2098	4286539.947
2099	4285491.327
2100	4284785.432
2101	4282830.408
2102	4281479.565
2103	4279664.751
2104	4278545.145
2105	4277453.803
2106	4276427.291
2107	4274958.058
2108	4274205.972
2109	4274106.745
2110	4273206.8
2111	4272502.978
2112	4271593.92
2113	4271551.25
2114	4270148.719
2115	4269258.547
2116	4267460.483
2117	4266587.867
2118	4265732.187
2119	4263922.637
2120	4263005.308
2121	4262176.518
2122	4261060.066
2123	4259400.237
2124	4258643.595
2125	4256888.314
2126	4255929.689
2127	4253988.122
2128	4253088.587
2129	4251728.235
2130	4250264.932
2131	4248672.684
2132	4247537.446
2133	4245810.83
2134	4245369.582
2135	4244349.963
2136	4243818.116
2137	4243315.018
2138	4242257.281
2139	4240409.228
2140	4239663.54
2141	4236558.649
2142	4235251.198
2143	4232249.013
2144	4231511.569
2145	4230003.907
2146	4226887.053
2147	4225983.263
2148	4224924.093
2149	4224121.568
2150	4223405.664
2151	4222445.764
2152	4221739.716
2153	4221188.072
2154	4220573.659
2155	4219673.196
2156	4218924.978
2157	4218373.937
2158	4217987.634
2159	4217342.535
2160	4214933.545
2161	4214124.437
2162	4213737.601
2163	4212461.499
2164	4210645.792
2165	4210046.866
2166	4209315.318
2167	4206336.679
2168	4205610.836
2169	4205392.008
2170	4203645.979
2171	4201181.831
2172	4200207.412
2173	4198558.556
2174	4198325.581
2175	4196442.839
2176	4195278.37
2177	4193697.559
2178	4192713.843
2179	4191905.697
2180	4191325.057
2181	4190906.165
2182	4190207.891
2183	4188842.162
2184	4188008.389
2185	4187397.142
2186	4186530.33
2187	4185813.001
2188	4184186.876
2189	4182411.283
2190	4181857.579
2191	4179738.398
2192	4179657.178
2193	4177695.44
2194	4176841.998
2195	4175572.284
2196	4173871.314
2197	4173226.248
2198	4173073.631
2199	4172224.603
2200	4171228.425
2201	4170575.199
2202	4169960.974
2203	4168797.146
2204	4167580.583
2205	4166821.602
2206	4166279.814
2207	4165438.737
2208	4164222.892
2209	4163029.88
2210	4162500.388
2211	4160932.952
2212	4160090.68
2213	4159598.166
2214	4158263.223
2215	4157341.145
2216	4155488.493
2217	4153910.353
2218	4152609.016
2219	4150527.083
2220	4150199.624
2221	4148810.051
2222	4148098.735
2223	4147546.826
2224	4146556.565
2225	4143694.766
2226	4143693.561
2227	4142424.133
2228	4141822.228
2229	4140265.161
2230	4138994.865
2231	4137036.41
2232	4136763.855
2233	4136091.219
2234	4135867.456
2235	4134887.135
2236	4133564.657
2237	4131620.96
2238	4131107.323
2239	4130778.35
2240	4129731.627
2241	4128444.021
2242	4127895.635
2243	4126828.067
2244	4125704.764
2245	4124559.617
2246	4124129.721
2247	4123182.716
2248	4121913.817
2249	4121687.871
2250	4121096.529
2251	4121066.822
2252	4120839.016
2253	4119996.656
2254	4118676.607
2255	4118669.729
2256	4117825.764
2257	4117825.299
2258	4116537.104
2259	4115414.49
2260	4115413.047
2261	4113679.887
2262	4111015.545
2263	4110993.383
2264	4110992.738
2265	4110901.211
2266	4109946.66
2267	4107642.899
2268	4106679.536
2269	4105959.159
2270	4105654.21
2271	4104229.319
2272	4103313.833
2273	4101721.837
2274	4100523.035
2275	4099823.692
2276	4098245.361
2277	4097955.133
2278	4097038.828
2279	4095878.766
2280	4094966.806
2281	4094103.682
2282	4092569.486
2283	4091807.934
2284	4089992.932
2285	4088566.618
2286	4088003.769
2287	4087794.66
2288	4087788.199
2289	4085619.132
2290	4084378.538
2291	4083392.441
2292	4083181.333
2293	4082462.072
2294	4081877.362
2295	4080521.998
2296	4080320.959
2297	4078832.542
2298	4078010.91
2299	4076538.407
2300	4074443.572
2301	4073694.771
2302	4073250.93
2303	4071679.599
2304	4070904.381
2305	4070415.032
2306	4069721.963
2307	4067780.238
2308	4067173.617
2309	4067162.393
2310	4066356.352
2311	4064839.061
2312	4064052.846
2313	4063103.925
2314	4062617.363
2315	4062604.85
2316	4060495.124
2317	4060404.038
2318	4058455.157
2319	4058298.619
2320	4057106.695
2321	4057106.241
2322	4056447.141
2323	4055980.044
2324	4055526.29
2325	4054404.708
2326	4054398.612
2327	4053378.654
2328	4052942.326
2329	4052940.622
2330	4051954.642
2331	4050995.374
2332	4050993.703
2333	4050993.265
2334	4050520.921
2335	4049737.585
2336	4048588.159
2337	4048132.409
2338	4047765.918
2339	4045676.201
2340	4043600.919
2341	4042821.937
2342	4042386.418
2343	4041802.762
2344	4040455.705
2345	4039583.149
2346	4037598.513
2347	4035547.56
2348	4034979.282
2349	4034258.425
2350	4033982.202
2351	4033964.192
2352	4033910.366
2353	4033205.077
2354	4032783.357
2355	4031735.712
2356	4029903.722
2357	4029251.063
2358	4028699.946
2359	4028167.539
2360	4027651.221
2361	4025976.032
2362	4025951.873
2363	4025951.739
2364	4025789.859
2365	4025689.434
2366	4024197.144
2367	4023798.733
2368	4022456.251
2369	4022455.722
2370	4021591.895
2371	4021286.622
2372	4020829.543
2373	4019570.148
2374	4017760.068
2375	4016923.325
2376	4016060.558
2377	4015270.516
2378	4014818.425
2379	4014662.278
2380	4012927.765
2381	4011838.282
2382	4010908.95
2383	4009873.955
2384	4009840.224
2385	4009557.535
2386	4008224.257
2387	4007896.188
2388	4006837.732
2389	4006614.112
2390	4006202.232
2391	4005714.805
2392	4004994.455
2393	4003635.057
2394	4003263.211
2395	4002110.118
2396	4002109.535
2397	4001041.176
2398	4000375.721
2399	3998845.732
2400	3997790.933
2401	3997280.304
2402	3995792.642
2403	3994751.635
2404	3993994.838
2405	3993215.989
2406	3992142.171
2407	3990411.655
2408	3989473.529
2409	3988548.806
2410	3988271.912
2411	3987753.573
2412	3987070.556
2413	3985081.459
2414	3983584.923
2415	3982578.474
2416	3981212.411
2417	3979930.055
2418	3979314.118
2419	3978267.48
2420	3977141.751
2421	3976040.404
2422	3974610.872
2423	3973928.781
2424	3973928.189
2425	3973514.343
2426	3972142.409
2427	3970835.853
2428	3968605.244
2429	3967845.317
2430	3966632.62
2431	3965487.506
2432	3964999.248
2433	3963726.362
2434	3962813.633
2435	3960479.355
2436	3960216.903
2437	3959832.595
2438	3959744.823
2439	3959743.816
2440	3959605.828
2441	3958948.799
2442	3958635.177
2443	3958634.667
2444	3957811.86
2445	3957788.923
2446	3957491.223
2447	3957109.423
2448	3956204.624
2449	3956175.242
2450	3955320.206
2451	3954780.019
2452	3952473.404
2453	3951254.416
2454	3951253.905
2455	3951078.822
2456	3951078.241
2457	3951077.639
2458	3949633.417
2459	3948719.172
2460	3948408.563
2461	3946329.658
2462	3945378.971
2463	3944747.801
2464	3944330.862
2465	3943700.678
2466	3942519.095
2467	3941591.553
2468	3941101.431
2469	3940640.51
2470	3937805.957
2471	3936721.808
2472	3936052.624
2473	3936027.685
2474	3935293.32
2475	3934163.025
2476	3933077.07
2477	3932372.355
2478	3932371.958
2479	3932264.791
2480	3930600.055
2481	3929813.475
2482	3928855.613
2483	3927556.486
2484	3926994.741
2485	3925133.619
2486	3925133.063
2487	3923327.64
2488	3923241.668
2489	3923066.169
2490	3922336.009
2491	3920331.931
2492	3919469.173
2493	3918843.141
2494	3918224.376
2495	3917365.476
2496	3917364.929
2497	3917364.837
2498	3916875.328
2499	3916084.06
2500	3914934.827
2501	3914934.743
2502	3914654.838
2503	3913569.809
2504	3912110.564
2505	3910892.577
2506	3910892.268
2507	3909903.024
2508	3908198.257
2509	3906437.012
2510	3906436.926
2511	3904955.407
2512	3904183.232
2513	3903357.499
2514	3902717.721
2515	3902121.179
2516	3901544.363
2517	3900229.571
2518	3899848.885
2519	3899199.216
2520	3897887.26
2521	3895319.362
2522	3893643.419
2523	3892750.947
2524	3892750.429
2525	3892055.614
2526	3891422.698
2527	3890898.205
2528	3889347.846
2529	3888871.631
2530	3887190.736
2531	3886070.419
2532	3885080.696
2533	3884310.067
2534	3882616.522
2535	3882131.731
2536	3880754.95
2537	3879921.086
2538	3879920.634
2539	3879614.169
2540	3878969.389
2541	3877318.751
2542	3876174.284
2543	3874933.356
2544	3874929.676
2545	3873996.314
2546	3873235.121
2547	3871375.231
2548	3870113.312
2549	3869735.185
2550	3869731.621
2551	3869335.584
2552	3869110.385
2553	3869109.409
2554	3867531.131
2555	3867273.423
2556	3866905.315
2557	3865895.86
2558	3865496.43
2559	3864671.651
2560	3863872.905
2561	3863013.045
2562	3861272.847
2563	3860662.891
2564	3859843.322
2565	3859842.996
2566	3859507.63
2567	3859009.797
2568	3858348.596
2569	3858345.172
2570	3857590.955
2571	3857135.698
2572	3856667.179
2573	3856553.031
2574	3856242.901
2575	3854511.41
2576	3854012.37
2577	3853776.171
2578	3853406.591
2579	3853029.084
2580	3852592.141
2581	3852039.665
2582	3851309.14
2583	3848654.854
2584	3847559.103
2585	3844952.877
2586	3844673.475
2587	3844485.106
2588	3843920.226
2589	3843031.9
2590	3842163.405
2591	3841337.289
2592	3840480.314
2593	3840048.823
2594	3839357.036
2595	3838907.929
2596	3837257.346
2597	3835090.56
2598	3834040.007
2599	3832221.523
2600	3831859.579
2601	3829946.24
2602	3827550.893
2603	3826519.078
2604	3826050.203
2605	3823731.59
2606	3822459.251
2607	3822458.8
2608	3822058.945
2609	3821222.379
2610	3819567.922
2611	3818697.417
2612	3817839.023
2613	3815918.217
2614	3813860.526
2615	3813476.59
2616	3812996.22
2617	3811710.048
2618	3811402.51
2619	3811369.709
2620	3810890.498
2621	3810890.05
2622	3810590.872
2623	3810200.276
2624	3809474.609
2625	3808664.18
2626	3807221.448
2627	3806467.301
2628	3805762.193
2629	3804412.678
2630	3804312.188
2631	3803699.608
2632	3802213.049
2633	3800467.91
2634	3799077.046
2635	3798535.868
2636	3797618.798
2637	3797618.466
2638	3797617.938
2639	3795917.062
2640	3794682.344
2641	3794207.416
2642	3793307.51
2643	3792348.304
2644	3789810.546
2645	3788821.558
2646	3788532.806
2647	3787404.868
2648	3786860.559
2649	3786613.628
2650	3786102.927
2651	3786102.418
2652	3784505.853
2653	3783138.971
2654	3782103.732
2655	3780769.226
2656	3780768.736
2657	3779829.913
2658	3778326.698
2659	3778326.215
2660	3778325.74
2661	3776981.331
2662	3776100.854
2663	3775766.517
2664	3774472.741
2665	3773752.246
2666	3773090.981
2667	3771758.07
2668	3771032.663
2669	3769427.059
2670	3768511.475
2671	3767881.612
2672	3766222.044
2673	3765821.368
2674	3765171.88
2675	3763786.315
2676	3762573.465
2677	3760518.511
2678	3758774.821
2679	3758646.779
2680	3758027.415
2681	3757845.025
2682	3756777.178
2683	3756147.934
2684	3755277.693
2685	3754471.186
2686	3752942.894
2687	3750485.71
2688	3750485.302
2689	3749899.256
2690	3748731.075
2691	3748487.167
2692	3747429.739
2693	3747429.44
2694	3746458.612
2695	3746458.354
2696	3745541.588
2697	3745235.486
2698	3744498.14
2699	3742320.86
2700	3742320.462
2701	3741151.026
2702	3740469.05
2703	3739452.343
2704	3738308.81
2705	3737815.618
2706	3735311.383
2707	3735311.074
2708	3734605.653
2709	3733713.893
2710	3732343.587
2711	3731873.816
2712	3730813.27
2713	3728960.754
2714	3728640.541
2715	3728056.893
2716	3727441.378
2717	3725861.228
2718	3725259.059
2719	3724819.499
2720	3724336.364
2721	3722604.862
2722	3721472.385
2723	3721105.059
2724	3720734.923
2725	3720598.479
2726	3719215.46
2727	3718872.859
2728	3717361.377
2729	3716293.698
2730	3715325.155
2731	3713970.22
2732	3713129.27
2733	3712272.726
2734	3710910.849
2735	3710285.987
2736	3709946.39
2737	3709378.641
2738	3708957.999
2739	3706481.092
2740	3705762.236
2741	3705522.942
2742	3704855.645
2743	3703242.974
2744	3702452.074
2745	3701845.163
2746	3701393.411
2747	3700154.006
2748	3699022.365
2749	3698571.424
2750	3697385.13
2751	3696852.087
2752	3696346.604
2753	3695698.326
2754	3695283.531
2755	3692861.194
2756	3692303.611
2757	3691573.684
2758	3690801.336
2759	3690438.563
2760	3689098.94
2761	3688546.836
2762	3688152.497
2763	3687845.339
2764	3685592.759
2765	3684827.587
2766	3683713.045
2767	3683608.812
2768	3683079.224
2769	3681636.253
2770	3680312.451
2771	3679631.656
2772	3679136.554
2773	3678548.297
2774	3677847.116
2775	3677160.236
2776	3676406.839
2777	3675813.961
2778	3674540.17
2779	3673781.206
2780	3673529.003
2781	3672959.72
2782	3672334.345
2783	3671663.604
2784	3670213.101
2785	3669755.825
2786	3669333.488
2787	3668718.861
2788	3668205.693
2789	3667418.874
2790	3665779.93
2791	3665518.513
2792	3664363.599
2793	3662362.907
2794	3661944.822
2795	3661653.863
2796	3661117.988
2797	3660608.417
2798	3659931.216
2799	3659149.574
2800	3657532.855
2801	3657215.226
2802	3655802.634
2803	3654692.593
2804	3652746.451
2805	3652002.359
2806	3651198.341
2807	3650379
2808	3649680.919
2809	3648501.546
2810	3648121.089
2811	3647261.974
2812	3646988.656
2813	3646510.077
2814	3646507.632
2815	3645736.519
2816	3644968.083
2817	3644630.144
2818	3643533.441
2819	3642761.457
2820	3642760.558
2821	3640587.974
2822	3639748.021
2823	3638514.687
2824	3638142.654
2825	3637250.758
2826	3636076.123
2827	3634528.444
2828	3634131.746
2829	3634131.46
2830	3633741.1
2831	3633273.148
2832	3632920.049
2833	3632667.543
2834	3631905.953
2835	3631294.465
2836	3631291.696
2837	3630001.77
2838	3630001.461
2839	3629617.109
2840	3629195.765
2841	3628418.295
2842	3627232.657
2843	3626594.42
2844	3625952.458
2845	3624849.26
2846	3624529.797
2847	3623540.411
2848	3622812.8
2849	3622812.274
2850	3622328.875
2851	3621875.42
2852	3620995.686
2853	3620013.245
2854	3619654.853
2855	3619260.413
2856	3618169.091
2857	3617728.795
2858	3617064.444
2859	3616205.023
2860	3616201.728
2861	3615805.074
2862	3615156.053
2863	3613375.535
2864	3611722.25
2865	3611052.155
2866	3610601.402
2867	3610600.471
2868	3609833.311
2869	3609480.98
2870	3608830.626
2871	3608110.643
2872	3607724.921
2873	3606493.67
2874	3605431.732
2875	3605431.237
2876	3604376.843
2877	3603958.278
2878	3602935.925
2879	3602567.239
2880	3602566.687
2881	3602049.692
2882	3601581.188
2883	3601125.028
2884	3600409.749
2885	3599945.775
2886	3599177.102
2887	3598300.911
2888	3597447.907
2889	3596464.379
2890	3595657.646
2891	3595210.487
2892	3594260.315
2893	3593822.885
2894	3593223.328
2895	3592537.51
2896	3592111.999
2897	3591191.183
2898	3589895.346
2899	3589212.265
2900	3587257.629
2901	3587257.492
2902	3586541.707
2903	3586103.402
2904	3585497.437
2905	3584982.025
2906	3584124.72
2907	3583540.123
2908	3582553.009
2909	3582169.296
2910	3581315.796
2911	3581087.193
2912	3580199.925
2913	3579979.708
2914	3578851.051
2915	3576620.141
2916	3575772.602
2917	3573647.71
2918	3571911.363
2919	3571435.928
2920	3570635.117
2921	3570426.06
2922	3568563.827
2923	3567668.263
2924	3565753.213
2925	3565357.706
2926	3565354.908
2927	3564141.325
2928	3564115.826
2929	3563576.965
2930	3563179.68
2931	3563179.353
2932	3562847.364
2933	3562839.574
2934	3562480.304
2935	3561863.346
2936	3561849.327
2937	3561637.368
2938	3561637.013
2939	3561240.107
2940	3560544.63
2941	3559506.544
2942	3559489.569
2943	3559489.014
2944	3559488.708
2945	3559210.128
2946	3559209.716
2947	3558095.737
2948	3557459.883
2949	3557459.546
2950	3556889.124
2951	3555572.206
2952	3554912.554
2953	3554414.001
2954	3553869.372
2955	3553845.301
2956	3553129.708
2957	3553129.415
2958	3552720.051
2959	3550702.158
2960	3550460.442
2961	3549912.864
2962	3548685.877
2963	3547656.124
2964	3547242.067
2965	3546554.403
2966	3546116.41
2967	3546068.013
2968	3544972.503
2969	3544960.082
2970	3544738.635
2971	3544293.668
2972	3544290.596
2973	3543865.925
2974	3542950.68
2975	3542591.373
2976	3542027.267
2977	3541235.131
2978	3539839.43
2979	3539540.32
2980	3539103.886
2981	3537998.155
2982	3536914.42
2983	3535932.247
2984	3535931.29
2985	3535628.935
2986	3535598.584
2987	3535119.819
2988	3534559.144
2989	3533851.01
2990	3533752.952
2991	3533306.279
2992	3533238.444
2993	3532890.694
2994	3531880.66
2995	3531689.519
2996	3530947.395
2997	3530085.04
2998	3529753.627
2999	3529567.207
3000	3529566.931
3001	3527538.598
3002	3526939.827
3003	3526939.557
3004	3526073.647
3005	3524687.355
3006	3523001.27
3007	3522657.352
3008	3522657.045
3009	3522602.325
3010	3522414.766
3011	3522389.433
3012	3521603.308
3013	3520191.135
3014	3520164.605
3015	3519603.79
3016	3519400.23
3017	3518474.964
3018	3517794.863
3019	3517317.333
3020	3516655.554
3021	3516146.269
3022	3515648.384
3023	3515005.686
3024	3514369.686
3025	3513563.29
3026	3511667.114
3027	3511013.106
3028	3510654.14
3029	3509036.236
3030	3508812.84
3031	3507845.544
3032	3507186.81
3033	3506633.289
3034	3506304.011
3035	3506194.472
3036	3504912.751
3037	3504012.3
3038	3503537.434
3039	3503490.297
3040	3501974.951
3041	3501973.607
3042	3501319.168
3043	3500597.421
3044	3500594.579
3045	3500592.914
3046	3499912.188
3047	3498923.905
3048	3498602.972
3049	3498394.686
3050	3497280.993
3051	3497088.834
3052	3496102.077
3053	3495539.066
3054	3495538.804
3055	3495218.089
3056	3495217.009
3057	3494081.325
3058	3494078.282
3059	3493639.528
3060	3492469.641
3061	3491332.822
3062	3489428.866
3063	3489058.307
3064	3488642.482
3065	3488214.042
3066	3487268.744
3067	3486172.526
3068	3484480.986
3069	3484327.705
3070	3483000.138
3071	3482587.983
3072	3482197.263
3073	3481809.216
3074	3481320.874
3075	3480779.546
3076	3480779.288
3077	3480199.013
3078	3480198.513
3079	3480198.254
3080	3479798.762
3081	3479131.895
3082	3478741.328
3083	3478396.303
3084	3477225.194
3085	3477124.277
3086	3476299.652
3087	3475944.936
3088	3475130.746
3089	3474608.607
3090	3474529.334
3091	3474528.389
3092	3474061.982
3093	3473318.544
3094	3472586.876
3095	3471623.071
3096	3471493.491
3097	3471217.605
3098	3471032.307
3099	3470322.766
3100	3469754.416
3101	3469175.177
3102	3469172.448
3103	3468563.221
3104	3468453.051
3105	3467639.049
3106	3466833.922
3107	3466833.668
3108	3466766.746
3109	3466725.536
3110	3466523.538
3111	3465696.644
3112	3465303.985
3113	3464767.271
3114	3463423.555
3115	3463060.001
3116	3462071.469
3117	3461519.068
3118	3460967.989
3119	3460330.388
3120	3460040.327
3121	3459500.703
3122	3459399.719
3123	3458683.989
3124	3458243.73
3125	3457716.143
3126	3457075.893
3127	3457075.624
3128	3457024.332
3129	3456607.991
3130	3456607.738
3131	3455604.434
3132	3454634.875
3133	3454634.57
3134	3454166.605
3135	3453616.497
3136	3453616.259
3137	3453304.184
3138	3452774.197
3139	3452608.785
3140	3452099.072
3141	3451808.832
3142	3450915.919
3143	3450080.018
3144	3449978.208
3145	3449932.572
3146	3447981.739
3147	3446673.449
3148	3445945.835
3149	3445090.009
3150	3444689.926
3151	3444689.437
3152	3444562.944
3153	3444455.077
3154	3443737.954
3155	3443089.542
3156	3442808.81
3157	3442052.389
3158	3442051.514
3159	3441332.933
3160	3440980.51
3161	3440920.749
3162	3440395.577
3163	3439826.298
3164	3439708.449
3165	3439468.436
3166	3438871.386
3167	3438538.179
3168	3438454.086
3169	3438442.214
3170	3438386.938
3171	3438113.471
3172	3437298.286
3173	3437182.75
3174	3436373.599
3175	3436021.999
3176	3435762.107
3177	3435476.289
3178	3435455.915
3179	3434820.563
3180	3434808.684
3181	3434463.024
3182	3433560.738
3183	3433215.365
3184	3433214.65
3185	3432574.931
3186	3432352.272
3187	3431552.121
3188	3431203.087
3189	3430008.687
3190	3429308.178
3191	3428651.91
3192	3427895.774
3193	3427404.482
3194	3427383.529
3195	3426697.849
3196	3426303.296
3197	3425472.046
3198	3425068.453
3199	3424526.564
3200	3423761.156
3201	3423435.182
3202	3422782.18
3203	3422315.117
3204	3421583.084
3205	3420499.534
3206	3419632.443
3207	3419247.639
3208	3419072.648
3209	3418176.31
3210	3417390.031
3211	3417380.578
3212	3416731.913
3213	3416588.844
3214	3415839.813
3215	3415620.137
3216	3415094.655
3217	3415094.432
3218	3414372.493
3219	3413969.802
3220	3413409.851
3221	3413047.501
3222	3412584.501
3223	3411879.408
3224	3411575.074
3225	3411189.834
3226	3410879.136
3227	3410582.891
3228	3409857.652
3229	3409498.498
3230	3409072.537
3231	3408240.676
3232	3407877.645
3233	3407235
3234	3406142.507
3235	3404715.093
3236	3404078.814
3237	3403377.997
3238	3403215.13
3239	3402534.013
3240	3402035.133
3241	3401440.92
3242	3400713.695
3243	3399807.496
3244	3398685.221
3245	3398180.499
3246	3397632.653
3247	3397079.196
3248	3397078.972
3249	3396905.035
3250	3396899.747
3251	3396703.411
3252	3396424.515
3253	3396066.907
3254	3395732.693
3255	3395241.107
3256	3394522.179
3257	3394164.627
3258	3393967.301
3259	3393454.713
3260	3393183.328
3261	3392248.413
3262	3391393.585
3263	3390919.152
3264	3390095.032
3265	3389407.229
3266	3388493.384
3267	3387833.88
3268	3387833.41
3269	3387561.134
3270	3386899.695
3271	3386290
3272	3385626.262
3273	3384655.575
3274	3384650.657
3275	3383978.803
3276	3382775.855
3277	3382148.808
3278	3381424.218
3279	3381419.465
3280	3381234.139
3281	3380986.494
3282	3380268.014
3283	3380170.763
3284	3380135.07
3285	3379631.086
3286	3379392.905
3287	3378596.518
3288	3378596.069
3289	3377784.149
3290	3377619.788
3291	3376780.64
3292	3376664.267
3293	3376663.824
3294	3376006.208
3295	3375654.404
3296	3374995.226
3297	3374013.092
3298	3373105.827
3299	3372231.898
3300	3371275.66
3301	3370461.187
3302	3370277.044
3303	3370276.759
3304	3369331.236
3305	3369029.305
3306	3368823.925
3307	3368258.368
3308	3367404.646
3309	3367376.475
3310	3366638.153
3311	3366635.265
3312	3366621.812
3313	3366028.52
3314	3365539.399
3315	3365146.009
3316	3364791.864
3317	3364690.807
3318	3364108.204
3319	3363982.69
3320	3363797.751
3321	3362996.975
3322	3362990.451
3323	3362412.582
3324	3361922.108
3325	3361920.667
3326	3361916.193
3327	3361062.773
3328	3360234.266
3329	3360175.717
3330	3359581.984
3331	3359059.859
3332	3358386.052
3333	3357878.668
3334	3356518.878
3335	3356246.568
3336	3356238.978
3337	3355775.754
3338	3355039.285
3339	3354554.224
3340	3353780.948
3341	3353141.759
3342	3352668.147
3343	3351830.788
3344	3351741.723
3345	3351070.885
3346	3350362.915
3347	3349814.403
3348	3349678.688
3349	3349118.387
3350	3349036.391
3351	3349034.206
3352	3348344.614
3353	3347627.743
3354	3347029.035
3355	3346311.463
3356	3346257.286
3357	3346257.01
3358	3346194.767
3359	3345710.966
3360	3345571.598
3361	3344928.541
3362	3344276.058
3363	3344275.111
3364	3343671.502
3365	3343598.594
3366	3343172.634
3367	3342361.094
3368	3342274.899
3369	3341505.227
3370	3340842.252
3371	3339130.841
3372	3338285.333
3373	3338236.829
3374	3338132.075
3375	3337599.677
3376	3337115.756
3377	3336327.146
3378	3336243.533
3379	3335945.399
3380	3335420.586
3381	3335374.688
3382	3334655.49
3383	3334042.896
3384	3334042.611
3385	3334040.791
3386	3333401.721
3387	3332241.749
3388	3331764.709
3389	3331552.401
3390	3331020.38
3391	3330791.578
3392	3330783.656
3393	3330759.977
3394	3330721.284
3395	3330690.244
3396	3330492.382
3397	3330403.543
3398	3330291.101
3399	3330255.035
3400	3330031.434
3401	3329262.275
3402	3328330.764
3403	3328273.556
3404	3327700.397
3405	3327007.346
3406	3326389.755
3407	3325528.879
3408	3324556.84
3409	3324036.819
3410	3323607.023
3411	3322776.557
3412	3322037.817
3413	3321150.748
3414	3320568.415
3415	3319867.55
3416	3319106.307
3417	3318375.282
3418	3317363.102
3419	3317359.505
3420	3317359.305
3421	3316127.596
3422	3315650.154
3423	3314924.462
3424	3314107.264
3425	3313560.232
3426	3312759.285
3427	3312031.447
3428	3311647.844
3429	3310699.265
3430	3309972.452
3431	3309972.277
3432	3309185.278
3433	3308241.472
3434	3307678.583
3435	3307375.668
3436	3306560.969
3437	3306129.21
3438	3306129.001
3439	3305389.53
3440	3304881.927
3441	3304452.191
3442	3304223.466
3443	3303649.364
3444	3303203.969
3445	3302663.268
3446	3302298.471
3447	3302015.109
3448	3301589.65
3449	3300633.666
3450	3299962.712
3451	3299500.426
3452	3298915.541
3453	3298680.604
3454	3298065.473
3455	3297147.176
3456	3296832.175
3457	3295991.328
3458	3295739.256
3459	3295138.714
3460	3294816.778
3461	3294357.732
3462	3293856.089
3463	3293407.808
3464	3293348.748
3465	3293286.051
3466	3292690.617
3467	3292535.804
3468	3292443.028
3469	3292229.909
3470	3292015.092
3471	3291338.767
3472	3291335.278
3473	3290918.261
3474	3289970.661
3475	3289484.891
3476	3288812.516
3477	3288461.793
3478	3287924.927
3479	3287050.632
3480	3286602.524
3481	3286586.625
3482	3286550.386
3483	3286314.52
3484	3285871.123
3485	3285158.905
3486	3284921.711
3487	3284916.838
3488	3284864.743
3489	3284297.888
3490	3283607.585
3491	3283010.734
3492	3282967.862
3493	3282715.593
3494	3281941.296
3495	3281337.299
3496	3280757.678
3497	3280462.69
3498	3280406.536
3499	3280235.041
3500	3279753.453
3501	3279377.491
3502	3279359.101
3503	3278797.541
3504	3278547.608
3505	3278203.711
3506	3277707.569
3507	3276743.377
3508	3275677.445
3509	3275334.449
3510	3274628.728
3511	3273887.536
3512	3273127.289
3513	3273127.112
3514	3272902.178
3515	3272676.645
3516	3272616.443
3517	3271765.988
3518	3271413.011
3519	3270537.139
3520	3270512.858
3521	3269816.212
3522	3269062.831
3523	3268194.722
3524	3267899.329
3525	3267809.343
3526	3266867.862
3527	3266361.442
3528	3266168.913
3529	3265563.623
3530	3264968.901
3531	3264896.071
3532	3264811.59
3533	3264136.031
3534	3264132.446
3535	3263653.407
3536	3263612.333
3537	3263241.647
3538	3262757.696
3539	3262445.991
3540	3261746.501
3541	3261555.133
3542	3260694.055
3543	3260693.878
3544	3260277.52
3545	3259181.947
3546	3259156.323
3547	3258572.499
3548	3258313.459
3549	3257870.894
3550	3257155.673
3551	3256378.295
3552	3255760.818
3553	3255674.232
3554	3255222.488
3555	3255217.226
3556	3254243.742
3557	3254090.565
3558	3253296.721
3559	3252815.654
3560	3251917.426
3561	3251066.043
3562	3250173.496
3563	3249517.015
3564	3248964.615
3565	3248754.23
3566	3247831.817
3567	3247831.763
3568	3247830.134
3569	3247647.195
3570	3247316.304
3571	3246917.083
3572	3246248.317
3573	3245693.993
3574	3245238.89
3575	3244640.949
3576	3243910.75
3577	3243845.691
3578	3242827.862
3579	3242349.07
3580	3242008.452
3581	3241569.321
3582	3241399.241
3583	3241356.578
3584	3241356.413
3585	3241324.274
3586	3241258.92
3587	3240822.101
3588	3240821.93
3589	3240192.168
3590	3240136.223
3591	3238871.887
3592	3238871.72
3593	3238319.656
3594	3237534.24
3595	3237218.757
3596	3236469.432
3597	3236260.736
3598	3236245.287
3599	3235344.193
3600	3234810.698
3601	3234119.123
3602	3234014.795
3603	3234014.687
3604	3234014.523
3605	3234014.359
3606	3233348.303
3607	3232846.542
3608	3232367.365
3609	3231598.998
3610	3231277.01
3611	3231178.569
3612	3230827.295
3613	3230214.629
3614	3228843.198
3615	3228809.089
3616	3228530.817
3617	3228462.586
3618	3227304.194
3619	3226941.936
3620	3226821.728
3621	3226330.59
3622	3225858.476
3623	3225841.796
3624	3225119.54
3625	3225107.395
3626	3224698.924
3627	3224260.695
3628	3224080.766
3629	3223478.042
3630	3223391.312
3631	3223391.169
3632	3222301.57
3633	3220907.391
3634	3220907.115
3635	3220905.672
3636	3220848.736
3637	3220783.037
3638	3220266.779
3639	3219664.959
3640	3219648.585
3641	3219621.741
3642	3219321.499
3643	3219278.708
3644	3219138.14
3645	3217716.544
3646	3217349.768
3647	3217337.111
3648	3216439.474
3649	3216242.943
3650	3216242.821
3651	3216124.029
3652	3215033.411
3653	3215025.227
3654	3214842.005
3655	3214200.262
3656	3213577.317
3657	3213577.19
3658	3213037.474
3659	3212278.336
3660	3211925.377
3661	3211857.538
3662	3211835.99
3663	3211835.866
3664	3211475.207
3665	3211473.989
3666	3211428.291
3667	3211423.105
3668	3211115.706
3669	3211068.382
3670	3210867.923
3671	3210867.736
3672	3209817.194
3673	3209749.771
3674	3209023.997
3675	3208555.546
3676	3208545.507
3677	3207808.654
3678	3207658.085
3679	3207241.063
3680	3207240.949
3681	3207217.448
3682	3206703.298
3683	3206703.188
3684	3206703.077
3685	3206679.836
3686	3206679.814
3687	3205641.212
3688	3205328.929
3689	3205183.223
3690	3204412.26
3691	3204002.515
3692	3203441.243
3693	3202637.215
3694	3202011.683
3695	3201746.681
3696	3201052.409
3697	3200655.231
3698	3199649.195
3699	3198977.857
3700	3198144.805
3701	3196960.705
3702	3196884.993
3703	3196737.53
3704	3196637.903
3705	3196338.401
3706	3196245.756
3707	3196228.688
3708	3196203.012
3709	3195898.716
3710	3195861.641
3711	3195491.05
3712	3195491.037
3713	3194940.833
3714	3194643.236
3715	3193875.887
3716	3193875.784
3717	3193233.953
3718	3192759.271
3719	3192737.268
3720	3192737.204
3721	3192597.597
3722	3191728.324
3723	3190959.796
3724	3190941.025
3725	3190368.463
3726	3189662.619
3727	3189662.524
3728	3189504.661
3729	3189038.587
3730	3188071.821
3731	3188049.373
3732	3187474.764
3733	3187461.446
3734	3187461.43
3735	3186895.278
3736	3186893.747
3737	3185743.538
3738	3185454.626
3739	3185414.881
3740	3184987.092
3741	3184315.182
3742	3183517.611
3743	3183465.011
3744	3182458.286
3745	3181585.193
3746	3181090.15
3747	3180779.733
3748	3180765.783
3749	3180463.612
3750	3180121.238
3751	3179632.268
3752	3179008.93
3753	3179008.893
3754	3178618.166
3755	3178598.393
3756	3178577.88
3757	3178318.971
3758	3177651.877
3759	3177562.043
3760	3177159.382
3761	3176437.14
3762	3175534.147
3763	3174769.966
3764	3173966.33
3765	3173961.341
3766	3173287.723
3767	3172949.784
3768	3171835.131
3769	3171780.773
3770	3171059.943
3771	3170516.181
3772	3170162.851
3773	3169508.612
3774	3169007.093
3775	3168560.424
3776	3168455.997
3777	3167804.235
3778	3167804.048
3779	3166893.526
3780	3166658.74
3781	3165571.139
3782	3164292.771
3783	3164204.745
3784	3164201.415
3785	3163755.324
3786	3163411.798
3787	3163287.72
3788	3162226.784
3789	3162226.775
3790	3161583.443
3791	3160949.785
3792	3160309.76
3793	3159616.767
3794	3158952.894
3795	3158388.489
3796	3158380.727
3797	3158186.236
3798	3158185.295
3799	3158166.364
3800	3157598.721
3801	3157154.383
3802	3156525.006
3803	3156144.463
3804	3155775.684
3805	3155755.989
3806	3155318.619
3807	3155257.487
3808	3154565.003
3809	3154327.207
3810	3153684.016
3811	3153492.448
3812	3152587.55
3813	3152310.186
3814	3152210.941
3815	3151980.843
3816	3151476.861
3817	3151115.629
3818	3150581.942
3819	3150137.727
3820	3149092.492
3821	3148467.342
3822	3147722.096
3823	3146747.823
3824	3146747.816
3825	3146388.453
3826	3145727.174
3827	3144570.45
3828	3144299.459
3829	3143524.433
3830	3142915.893
3831	3142647.189
3832	3141934.966
3833	3141311.776
3834	3140611.404
3835	3139922.293
3836	3139259.258
3837	3138989.129
3838	3138559.116
3839	3138253.694
3840	3137831.047
3841	3136974.27
3842	3136338.763
3843	3136056.824
3844	3135321.931
3845	3135070.258
3846	3134294.578
3847	3133297.438
3848	3133179.488
3849	3132174.784
3850	3131697.742
3851	3131069.269
3852	3130868.572
3853	3129866.832
3854	3128966.063
3855	3128731.522
3856	3128126.595
3857	3127754.046
3858	3127493.606
3859	3126703.37
3860	3126346.688
3861	3125806.641
3862	3125308.656
3863	3124425.712
3864	3123979.829
3865	3122940.861
3866	3122252.652
3867	3121439.146
3868	3121258.814
3869	3120906.148
3870	3120177.409
3871	3119399.208
3872	3118720.523
3873	3117783.208
3874	3117548.45
3875	3116740.722
3876	3116246.624
3877	3115710.125
3878	3115115.095
3879	3114462.486
3880	3114036.797
3881	3113610.892
3882	3113307.902
3883	3112779.067
3884	3112406.108
3885	3111949.008
3886	3111687.69
3887	3111268.087
3888	3110526.343
3889	3110345.996
3890	3109954.363
3891	3109394.481
3892	3108947.924
3893	3108306.371
3894	3107243.361
3895	3106715.353
3896	3106698.922
3897	3106546.023
3898	3105775.06
3899	3105363.221
3900	3104839.722
3901	3104201.832
3902	3103737.196
3903	3103116.06
3904	3102422.776
3905	3102181.859
3906	3102035.251
3907	3101359.892
3908	3100944.603
3909	3100331.533
3910	3099882.038
3911	3099166.779
3912	3098347.491
3913	3098336.133
3914	3097949.039
3915	3097699.252
3916	3097370.683
3917	3096872.563
3918	3095677.75
3919	3095336.306
3920	3094169.977
3921	3093689.173
3922	3093347.943
3923	3092536.494
3924	3092129.55
3925	3091508.619
3926	3091254.661
3927	3090819.391
3928	3090359.597
3929	3089640.115
3930	3089205.188
3931	3088901.205
3932	3088533.024
3933	3088125.023
3934	3087532.116
3935	3087022.905
3936	3086775.494
3937	3086327.062
3938	3085691.188
3939	3084541.25
3940	3084299.566
3941	3083646.37
3942	3083407.051
3943	3082760.689
3944	3081900.718
3945	3080715.247
3946	3080273.999
3947	3079861.627
3948	3078520.613
3949	3077271.715
3950	3077158.159
3951	3076499.892
3952	3076360.585
3953	3075518.544
3954	3075144.7
3955	3074862.703
3956	3074448.873
3957	3074068.364
3958	3073765.319
3959	3073432.994
3960	3072689.425
3961	3072366.593
3962	3071564.071
3963	3071186.523
3964	3070992.849
3965	3069996.71
3966	3069510.818
3967	3068818.027
3968	3067512.382
3969	3067262.99
3970	3066065.731
3971	3065606.644
3972	3065585.84
3973	3065057.521
3974	3064398.542
3975	3064082.797
3976	3063576.146
3977	3063120.718
3978	3062620.476
3979	3062265.138
3980	3061721.474
3981	3061061.856
3982	3060372.801
3983	3059199.395
3984	3058789.557
3985	3057878.532
3986	3057408.245
3987	3057151.503
3988	3056771.579
3989	3056490.641
3990	3055438.972
3991	3055438.824
3992	3054852.808
3993	3054492.556
3994	3054082.95
3995	3053597.809
3996	3053141.888
3997	3052317.599
3998	3051643.093
3999	3051314.316
4000	3050048.4
4001	3049696.971
4002	3049374.308
4003	3048733.301
4004	3048048.048
4005	3047767.276
4006	3047024.855
4007	3046828.928
4008	3046261.651
4009	3044976.983
4010	3044634.81
4011	3044266.632
4012	3043664.281
4013	3043279.097
4014	3042671.655
4015	3042267.55
4016	3041607.706
4017	3040844.263
4018	3039265.169
4019	3038945.729
4020	3037605.346
4021	3037368.396
4022	3036867.784
4023	3035878.982
4024	3034888.801
4025	3034888.535
4026	3034494.161
4027	3034395.916
4028	3033976.61
4029	3032840.737
4030	3032310.057
4031	3032082.743
4032	3031465.695
4033	3030677.39
4034	3030131.445
4035	3029893.741
4036	3029192.717
4037	3028425.987
4038	3028048.633
4039	3027798.336
4040	3027634.174
4041	3027473.751
4042	3027205.623
4043	3026371.53
4044	3026334.226
4045	3026029.165
4046	3025865.1
4047	3025643.886
4048	3025643.787
4049	3024964.482
4050	3024605.058
4051	3023875.565
4052	3023549.101
4053	3023548.925
4054	3023245.595
4055	3023245.431
4056	3022510.384
4057	3021808.582
4058	3021493.03
4059	3021039.229
4060	3020864.28
4061	3020586.123
4062	3020316.156
4063	3019478.408
4064	3019478.38
4065	3019072.329
4066	3018375.736
4067	3017991.604
4068	3017309.508
4069	3016838.102
4070	3016369.23
4071	3016362.945
4072	3015979
4073	3014966.076
4074	3014716.677
4075	3014280.775
4076	3014109.185
4077	3013771.894
4078	3012663.357
4079	3012374.097
4080	3011134.551
4081	3010549.061
4082	3010509.092
4083	3010157.749
4084	3009728.863
4085	3009083.884
4086	3008655.791
4087	3007299.109
4088	3006386.871
4089	3006120.072
4090	3005418.793
4091	3004834.339
4092	3004467.282
4093	3003784.676
4094	3003447.195
4095	3002876.355
4096	3002863.685
4097	3002021.867
4098	3001391.203
4099	3001114.156
4100	3001072.007
4101	3001071.996
4102	3000702.443
4103	3000299.917
4104	3000068.578
4105	2998755.794
4106	2998545.286
4107	2998490.676
4108	2998352.249
4109	2997782.179
4110	2997334.785
4111	2997067.599
4112	2996847.502
4113	2996847.48
4114	2996841.448
4115	2996697.856
4116	2996697.839
4117	2996377.545
4118	2996073.857
4119	2995179.492
4120	2995128.054
4121	2994813.526
4122	2994254.754
4123	2993477.571
4124	2993226.468
4125	2992637.341
4126	2992496.433
4127	2991197.501
4128	2990997.39
4129	2990709.159
4130	2990000.112
4131	2989605.206
4132	2988774.019
4133	2988531.985
4134	2988345.967
4135	2987744.456
4136	2986871.737
4137	2986641.728
4138	2985946.317
4139	2985744.297
4140	2985291.137
4141	2984384.442
4142	2983725.386
4143	2983248.299
4144	2983127.034
4145	2982625.193
4146	2982414.87
4147	2981917.291
4148	2981283.51
4149	2981028.216
4150	2981028.124
4151	2980529.754
4152	2980123.624
4153	2979792.349
4154	2979525.918
4155	2978294.334
4156	2977984.955
4157	2977685.014
4158	2977552.268
4159	2977552.018
4160	2977353.063
4161	2977137.16
4162	2977137.137
4163	2976279.183
4164	2976016.989
4165	2975469.498
4166	2974926.281
4167	2974870.013
4168	2974568.529
4169	2973966.377
4170	2973934.909
4171	2973857.313
4172	2973704.908
4173	2972794.249
4174	2972620.864
4175	2972052.003
4176	2971973.646
4177	2971512.874
4178	2971332.703
4179	2970397.064
4180	2969739.483
4181	2969358.933
4182	2968737.848
4183	2968150.462
4184	2967489.969
4185	2966908.297
4186	2966855.665
4187	2966424.71
4188	2965698.768
4189	2965375.905
4190	2965139.407
4191	2964817.4
4192	2964163.984
4193	2964151.42
4194	2963807.916
4195	2963672.212
4196	2963250.208
4197	2963218.396
4198	2963041.478
4199	2962039.249
4200	2961391.186
4201	2961360.173
4202	2960921.108
4203	2960380.503
4204	2960145.525
4205	2959226.927
4206	2958880.5
4207	2958880.398
4208	2958468.314
4209	2958148.642
4210	2957938.434
4211	2957578.639
4212	2957535.905
4213	2957262.466
4214	2956994.35
4215	2956785.22
4216	2956517.714
4217	2956336.88
4218	2956011.463
4219	2955151.951
4220	2954905.213
4221	2954810.076
4222	2954400.034
4223	2954236.344
4224	2953959.301
4225	2953650.757
4226	2952505.068
4227	2952215.963
4228	2951893.482
4229	2951489.039
4230	2951476.64
4231	2950675.048
4232	2950397.957
4233	2950196.31
4234	2949715.754
4235	2949063.94
4236	2948851.712
4237	2948716.663
4238	2947966.95
4239	2946790.098
4240	2946018.02
4241	2945751.158
4242	2945720.917
4243	2945054.213
4244	2944726.078
4245	2944568.537
4246	2943324.44
4247	2942426.187
4248	2942156.421
4249	2942055.514
4250	2942055.478
4251	2941655.524
4252	2941491.683
4253	2941381.164
4254	2941181.897
4255	2941181.885
4256	2940556.88
4257	2940435.094
4258	2940100.649
4259	2939839.087
4260	2939008.067
4261	2938649.331
4262	2938381.697
4263	2938146.892
4264	2938146.879
4265	2937434.964
4266	2936754.757
4267	2936445.402
4268	2935957.343
4269	2935602.703
4270	2934745.864
4271	2934066.108
4272	2933813.456
4273	2932371.489
4274	2931904.354
4275	2931607.501
4276	2931127.423
4277	2930524.382
4278	2930125.082
4279	2929808.139
4280	2929768.879
4281	2929615.352
4282	2929615.244
4283	2929329.733
4284	2929212.647
4285	2928999.273
4286	2928990.01
4287	2928138.639
4288	2927590.246
4289	2927360.562
4290	2927134.348
4291	2926152.972
4292	2926152.925
4293	2926152.88
4294	2925423.105
4295	2925250.276
4296	2924490.569
4297	2924271.604
4298	2923655.057
4299	2923370.532
4300	2922837.933
4301	2922523.449
4302	2922174.527
4303	2921582.257
4304	2920454.138
4305	2920282.75
4306	2919619.655
4307	2919605.329
4308	2919474.807
4309	2919173.589
4310	2918707.621
4311	2917903.794
4312	2917676.751
4313	2917409.455
4314	2917061.091
4315	2916615.433
4316	2916332.744
4317	2914886.531
4318	2914355.511
4319	2913561.08
4320	2912779.657
4321	2912294.347
4322	2911535.147
4323	2911532.625
4324	2910636.294
4325	2910621.323
4326	2909682.115
4327	2909662.101
4328	2909478.703
4329	2909188.716
4330	2909055.358
4331	2907815.542
4332	2907434.169
4333	2907223.66
4334	2906979.851
4335	2906415.19
4336	2906400.74
4337	2905467.477
4338	2905295.92
4339	2904321.479
4340	2904152.334
4341	2903952.539
4342	2903899.957
4343	2903342.528
4344	2903309.393
4345	2903176.093
4346	2903176.08
4347	2902765.226
4348	2902463.028
4349	2902460.756
4350	2902181.609
4351	2901414.012
4352	2901387.666
4353	2901387.331
4354	2900882.686
4355	2900723.229
4356	2900345.55
4357	2899872.202
4358	2899585.252
4359	2899030.102
4360	2898690.943
4361	2898268.236
4362	2897526.784
4363	2897186.221
4364	2896966.751
4365	2896912.172
4366	2896661.605
4367	2896169.069
4368	2896167.443
4369	2895932.607
4370	2894930.771
4371	2894342.167
4372	2894161.456
4373	2893047.266
4374	2892558.914
4375	2892378.695
4376	2892290.112
4377	2891840.347
4378	2891836.087
4379	2891836.06
4380	2891497.971
4381	2891493.935
4382	2891445.414
4383	2891431.809
4384	2890084.521
4385	2889405.853
4386	2889041.654
4387	2887900.529
4388	2887899.641
4389	2887858.21
4390	2887753.758
4391	2887753.714
4392	2887189.824
4393	2886930.014
4394	2886519.821
4395	2886102.123
4396	2885920.983
4397	2885870.948
4398	2885365.182
4399	2885116.668
4400	2884700.872
4401	2884696.681
4402	2884270.846
4403	2884270.806
4404	2884208.061
4405	2883948.779
4406	2883948.614
4407	2883142.045
4408	2882964.508
4409	2882578.272
4410	2882135.955
4411	2881673.904
4412	2880581.667
4413	2879694.537
4414	2878601.113
4415	2878456.554
4416	2878280.439
4417	2878185.33
4418	2878146.219
4419	2877144.385
4420	2876968.511
4421	2876578.348
4422	2876033.99
4423	2874774.195
4424	2874578.989
4425	2874562.56
4426	2873925.436
4427	2873879.419
4428	2873879.377
4429	2873860.556
4430	2872729.718
4431	2872145.99
4432	2872145.962
4433	2871965.774
4434	2871105.158
4435	2871092.494
4436	2870923.643
4437	2870267.977
4438	2869339.165
4439	2868913.254
4440	2868913.206
4441	2868064.654
4442	2867739.07
4443	2867663.016
4444	2866820.982
4445	2866815.738
4446	2866683.491
4447	2866546.202
4448	2865973.241
4449	2864774.605
4450	2863686.771
4451	2863684.522
4452	2863655.774
4453	2863655.75
4454	2863325.54
4455	2863228.785
4456	2863183.988
4457	2862984.864
4458	2862164.242
4459	2862098.892
4460	2862098.863
4461	2862045.584
4462	2862040.72
4463	2861689.848
4464	2861121.561
4465	2860926.936
4466	2860265.901
4467	2860048.9
4468	2859058.602
4469	2859055.128
4470	2859055.086
4471	2858562.318
4472	2857917.79
4473	2857521.416
4474	2857521.411
4475	2857370.725
4476	2857362.943
4477	2857351.51
4478	2856795.734
4479	2855512.247
4480	2855494.262
4481	2855134.494
4482	2855133.879
4483	2854944.597
4484	2854046.849
4485	2853781.716
4486	2853638.122
4487	2853638.084
4488	2852502.717
4489	2851626.53
4490	2850946.427
4491	2850919.737
4492	2850341.975
4493	2849819.91
4494	2848748.442
4495	2847962.576
4496	2846991.308
4497	2846693.815
4498	2846406.749
4499	2845847.729
4500	2845631.499
4501	2845242.825
4502	2844947.899
4503	2844947.697
4504	2844947.676
4505	2844871.235
4506	2844500.482
4507	2843881.085
4508	2843803.566
4509	2843775.414
4510	2843230.473
4511	2843219.986
4512	2843022.105
4513	2842967.887
4514	2842201.529
4515	2842201.449
4516	2842197.799
4517	2842144.984
4518	2841080.551
4519	2839799.909
4520	2839248.763
4521	2839221.424
4522	2838634.915
4523	2838129.307
4524	2837325.142
4525	2837280.322
4526	2836452.903
4527	2836290.018
4528	2836116.624
4529	2836053.133
4530	2835869.262
4531	2835653.764
4532	2835586.92
4533	2835520.107
4534	2834902.096
4535	2834562.084
4536	2834560.296
4537	2834460.307
4538	2834348.743
4539	2833758.643
4540	2833555.817
4541	2833391.313
4542	2832916.807
4543	2831827.568
4544	2830809.765
4545	2830517.65
4546	2830465.505
4547	2830233.534
4548	2830186.401
4549	2829973.426
4550	2829482.493
4551	2828348.455
4552	2828058.261
4553	2828042.214
4554	2828042.194
4555	2827193.987
4556	2826940.302
4557	2826630.429
4558	2826152.371
4559	2826147.4
4560	2826129.378
4561	2825971.37
4562	2825749.696
4563	2825749.672
4564	2825607.619
4565	2825396.339
4566	2824905.168
4567	2824610.909
4568	2823718.02
4569	2823461.257
4570	2822826.28
4571	2822799.039
4572	2822510.414
4573	2822202.104
4574	2821812.308
4575	2821580.801
4576	2820715.581
4577	2820523.191
4578	2820164.212
4579	2820103.238
4580	2820091.836
4581	2819615.383
4582	2818958.423
4583	2818941.37
4584	2818207.787
4585	2817835.647
4586	2817826.569
4587	2817511.611
4588	2816175.541
4589	2814969.832
4590	2814540.818
4591	2813921.583
4592	2813891.997
4593	2813664.56
4594	2813601.037
4595	2813350.083
4596	2813067.333
4597	2812749.485
4598	2811988.037
4599	2811471.28
4600	2811433.695
4601	2810254.702
4602	2809361.164
4603	2808641.134
4604	2808082.186
4605	2807831.778
4606	2807568.903
4607	2807467.339
4608	2806203.055
4609	2805803.298
4610	2805718.907
4611	2805716.412
4612	2805373.06
4613	2805135.526
4614	2804616.337
4615	2804468.277
4616	2804468.058
4617	2804468.037
4618	2804234.33
4619	2804054.214
4620	2803526.086
4621	2803526.066
4622	2802945.024
4623	2802433.62
4624	2802408.928
4625	2801874.488
4626	2801586.278
4627	2801527.191
4628	2801446.401
4629	2801357.193
4630	2801092.527
4631	2800676.555
4632	2800554.759
4633	2800278.843
4634	2799998.409
4635	2799787.34
4636	2799363.841
4637	2799216.477
4638	2798758.182
4639	2798692.724
4640	2798134.244
4641	2797832.388
4642	2797426.761
4643	2796802.784
4644	2796467.963
4645	2795569.122
4646	2794535.853
4647	2794323.62
4648	2794040.638
4649	2793743.112
4650	2793742.967
4651	2792807.412
4652	2792586.549
4653	2792493.589
4654	2791950.207
4655	2791914.94
4656	2791108.616
4657	2790811.96
4658	2789942.486
4659	2789506.855
4660	2789181.573
4661	2789181.546
4662	2788475.902
4663	2788226.516
4664	2787432.498
4665	2786783.189
4666	2786131.768
4667	2785323.29
4668	2784572.569
4669	2783936.255
4670	2782693.389
4671	2782437.018
4672	2782133.9
4673	2781734.005
4674	2781733.991
4675	2781732.801
4676	2781061.542
4677	2780906.044
4678	2780409.885
4679	2780033.469
4680	2779620.408
4681	2779522.603
4682	2778802.03
4683	2778216.99
4684	2777936.255
4685	2777935.722
4686	2777865.041
4687	2777439.72
4688	2776740.734
4689	2776423.978
4690	2776214.353
4691	2775525.17
4692	2775525.168
4693	2775512.727
4694	2775496.441
4695	2775030.922
4696	2774933.72
4697	2774933.706
4698	2774883.999
4699	2774581.297
4700	2774455.977
4701	2773909.508
4702	2773649.632
4703	2773558.811
4704	2772922.268
4705	2772761.749
4706	2772045.001
4707	2771615.968
4708	2771613.857
4709	2771143.959
4710	2770849.609
4711	2770849.585
4712	2770849.243
4713	2770849.228
4714	2770849.169
4715	2770809.592
4716	2770773.159
4717	2770580.613
4718	2769925.545
4719	2769664.493
4720	2769662.16
4721	2769626.348
4722	2769573.57
4723	2769094.539
4724	2768374.52
4725	2768362.583
4726	2767996.358
4727	2767193.529
4728	2766723.833
4729	2766362.536
4730	2766195.478
4731	2765701.361
4732	2764689.605
4733	2764205.562
4734	2763993.892
4735	2763680.39
4736	2762846.552
4737	2762434.033
4738	2761891.402
4739	2761891.383
4740	2761891.351
4741	2761126.945
4742	2760761.118
4743	2760408.834
4744	2759968.654
4745	2759642.747
4746	2759255.215
4747	2759050.229
4748	2759050.224
4749	2758795.255
4750	2757932.543
4751	2756994.9
4752	2756308.745
4753	2756245.076
4754	2755775.222
4755	2755390.085
4756	2755301.663
4757	2755057.301
4758	2754697.438
4759	2754681.628
4760	2754378.043
4761	2754269.865
4762	2754221.497
4763	2754189.484
4764	2753581.609
4765	2752609.172
4766	2751693.749
4767	2751393.976
4768	2751393.959
4769	2751097.54
4770	2750076.192
4771	2749552.452
4772	2749226.678
4773	2748544.895
4774	2747840.779
4775	2746794.647
4776	2746768.203
4777	2746209.737
4778	2745672.96
4779	2744798.604
4780	2744781.614
4781	2743629.356
4782	2743601.811
4783	2743361.072
4784	2743177.724
4785	2742958.382
4786	2742664.428
4787	2742302.175
4788	2742047.506
4789	2741187.557
4790	2741119.531
4791	2741090.423
4792	2740903.584
4793	2740376.067
4794	2740126
4795	2739682.806
4796	2739596.927
4797	2739341.007
4798	2739084.878
4799	2738464.675
4800	2738438.403
4801	2737939.609
4802	2737747.476
4803	2737524.85
4804	2737214.674
4805	2736227.209
4806	2736043.221
4807	2735971.455
4808	2735971.448
4809	2735508.443
4810	2735505.049
4811	2735260.565
4812	2735145.088
4813	2735106.121
4814	2734306.919
4815	2733609.558
4816	2733605.015
4817	2733302.479
4818	2733035.587
4819	2733035.526
4820	2733005.653
4821	2732507.459
4822	2731881.338
4823	2731529.877
4824	2731027.959
4825	2730313.397
4826	2729810.753
4827	2729805.81
4828	2728991.288
4829	2728836.132
4830	2728491.678
4831	2728405.232
4832	2728193.173
4833	2727370.087
4834	2727057.176
4835	2726654.178
4836	2726246.679
4837	2726208.352
4838	2725465.909
4839	2725006.168
4840	2724658.912
4841	2724105.61
4842	2723595.748
4843	2723221.111
4844	2723007.656
4845	2722882.938
4846	2722600.831
4847	2722269.19
4848	2721496.289
4849	2721281.687
4850	2720534.798
4851	2720342.933
4852	2720186.78
4853	2720153.966
4854	2719676.737
4855	2719667.325
4856	2719432.999
4857	2718807.824
4858	2718435.515
4859	2717768.919
4860	2717224.547
4861	2716999.926
4862	2716999.9
4863	2716859.002
4864	2716858.98
4865	2716746.153
4866	2715831.327
4867	2715831.313
4868	2715660.004
4869	2715468.008
4870	2714808.93
4871	2714077.285
4872	2714042.414
4873	2713998.798
4874	2713440.686
4875	2713151.951
4876	2712804.378
4877	2712460.811
4878	2711626.244
4879	2711446.298
4880	2711108.784
4881	2710696.986
4882	2710417.391
4883	2709891.855
4884	2709798.302
4885	2709424.999
4886	2709309.553
4887	2709030.908
4888	2708438.848
4889	2708242.422
4890	2708006.091
4891	2707322.687
4892	2707212.493
4893	2706946.204
4894	2706151.907
4895	2705853.77
4896	2705213.047
4897	2704840.686
4898	2704662.968
4899	2704030.115
4900	2703197.449
4901	2703046.429
4902	2702365.842
4903	2701752.437
4904	2701748.646
4905	2700811.764
4906	2700536.895
4907	2700478.23
4908	2699782.592
4909	2699631.207
4910	2699358.253
4911	2699134.977
4912	2698922.637
4913	2698792.432
4914	2698513.658
4915	2697997.357
4916	2697302.962
4917	2696860.166
4918	2696503.952
4919	2696294.565
4920	2695799.887
4921	2695517.157
4922	2694697.959
4923	2694690.605
4924	2694535.01
4925	2694209.398
4926	2693822.241
4927	2693360.383
4928	2693128.996
4929	2692632.794
4930	2692272.282
4931	2692241.886
4932	2692189.605
4933	2691667.657
4934	2690883.772
4935	2690610.95
4936	2690320.1
4937	2689763.296
4938	2689597.636
4939	2688370.973
4940	2688187.916
4941	2688041.418
4942	2687260.025
4943	2686799.351
4944	2686753.596
4945	2686088.413
4946	2685850.694
4947	2685770.57
4948	2685031.259
4949	2684655.306
4950	2684154.415
4951	2683411.264
4952	2683237.217
4953	2683017.231
4954	2682257.22
4955	2681958.16
4956	2681367.919
4957	2681011.902
4958	2680740.686
4959	2680182.919
4960	2680144.921
4961	2679804.368
4962	2679798.132
4963	2679793.87
4964	2679537.214
4965	2679330.021
4966	2678796.578
4967	2678622.982
4968	2678601.24
4969	2678190.001
4970	2677944.325
4971	2677652.877
4972	2677475.68
4973	2677294.498
4974	2676705.324
4975	2676689.42
4976	2676368.434
4977	2675637.73
4978	2675448.438
4979	2675042.976
4980	2674859.436
4981	2674186.014
4982	2674185.363
4983	2673984.898
4984	2673845.409
4985	2673752.952
4986	2673647.377
4987	2673620.723
4988	2673310.32
4989	2672928.375
4990	2672454.344
4991	2672061.662
4992	2671633.99
4993	2671081.391
4994	2671022.942
4995	2670680.25
4996	2670560.736
4997	2670294.03
4998	2670050.949
4999	2669653.654
